from,to
C:/Users/User/Documents/GitHub/synthetic_networks/BaselineGraphs/baseline_analyis_full_tables.R,C:/Users/User/Documents/GitHub/synthetic_networks/ERGM/ERGM_Analysis/ergm_gof_plots.R
C:/Users/User/Documents/GitHub/synthetic_networks/BaselineGraphs/baseline_analyis_full_tables.R,C:/Users/User/Documents/GitHub/synthetic_networks/ERGM/ERGM_Analysis/ergm_gof_table.R
C:/Users/User/Documents/GitHub/synthetic_networks/BaselineGraphs/baseline_analyis_full_tables.R,C:/Users/User/Documents/GitHub/synthetic_networks/ERGM/ERGM_Analysis/ergm_vs_baselines.R
C:/Users/User/Documents/GitHub/synthetic_networks/BaselineGraphs/baseline_analyis_full_tables.R,C:/Users/User/Documents/GitHub/synthetic_networks/ERGM/fullnetwork_tries/bigmodel_working.R
C:/Users/User/Documents/GitHub/synthetic_networks/BaselineGraphs/baseline_analyis_full_tables.R,C:/Users/User/Documents/GitHub/synthetic_networks/ERGM/fullnetwork_tries/ergm_bigmodel_fails.R
C:/Users/User/Documents/GitHub/synthetic_networks/BaselineGraphs/baseline_analyis_full_tables.R,C:/Users/User/Documents/GitHub/synthetic_networks/ERGM/smallnetwork/small_network_.R
C:/Users/User/Documents/GitHub/synthetic_networks/BaselineGraphs/baseline_analyis_full_tables.R,C:/Users/User/Documents/GitHub/synthetic_networks/ERGM/smallnetwork/small_network_analysis.R
C:/Users/User/Documents/GitHub/synthetic_networks/BaselineGraphs/baseline_analyis_full_tables.R,C:/Users/User/Documents/GitHub/synthetic_networks/ERGM/smallnetwork/small_network_analysis_s.R
C:/Users/User/Documents/GitHub/synthetic_networks/BaselineGraphs/baseline_analyis_full_tables.R,C:/Users/User/Documents/GitHub/synthetic_networks/Other Analysis/baseline_extra_metrics.R
C:/Users/User/Documents/GitHub/synthetic_networks/BaselineGraphs/baseline_analyis_full_tables.R,C:/Users/User/Documents/GitHub/synthetic_networks/Other Analysis/full_heavy_tail_analysis.R
C:/Users/User/Documents/GitHub/synthetic_networks/BaselineGraphs/baseline_analyis_full_tables.R,C:/Users/User/Documents/GitHub/synthetic_networks/Other Analysis/lcc_centralities_table.R
C:/Users/User/Documents/GitHub/synthetic_networks/BaselineGraphs/baseline_analyis_full_tables.R,C:/Users/User/Documents/GitHub/synthetic_networks/Other Analysis/raw_graph_analysis.R
C:/Users/User/Documents/GitHub/synthetic_networks/BaselineGraphs/baseline_analyis_full_tables.R,C:/Users/User/Documents/GitHub/synthetic_networks/scripts/100_ERGM_ModelSelection_fromRmd.R
C:/Users/User/Documents/GitHub/synthetic_networks/BaselineGraphs/baseline_analyis_full_tables.R,C:/Users/User/Documents/GitHub/synthetic_networks/scripts/10_basegraph_analysis_function_fromRmd.R
C:/Users/User/Documents/GitHub/synthetic_networks/BaselineGraphs/baseline_analyis_full_tables.R,C:/Users/User/Documents/GitHub/synthetic_networks/scripts/110_graph_descriptive_analysis_fromRmd.R
C:/Users/User/Documents/GitHub/synthetic_networks/BaselineGraphs/baseline_analyis_full_tables.R,C:/Users/User/Documents/GitHub/synthetic_networks/scripts/120_init_LoanNetwork_fromRmd.R
C:/Users/User/Documents/GitHub/synthetic_networks/BaselineGraphs/baseline_analyis_full_tables.R,C:/Users/User/Documents/GitHub/synthetic_networks/scripts/20_init_basline_samplegraphs_fromRmd.R
C:/Users/User/Documents/GitHub/synthetic_networks/BaselineGraphs/baseline_analyis_full_tables.R,C:/Users/User/Documents/GitHub/synthetic_networks/scripts/40_ERGM_Result2_fromRmd.R
C:/Users/User/Documents/GitHub/synthetic_networks/BaselineGraphs/baseline_analyis_full_tables.R,C:/Users/User/Documents/GitHub/synthetic_networks/scripts/50_ERGM_Result3_inverted_fromRmd.R
C:/Users/User/Documents/GitHub/synthetic_networks/BaselineGraphs/baseline_analyis_full_tables.R,C:/Users/User/Documents/GitHub/synthetic_networks/scripts/60_ERGMTry1_legacy_fromRmd.R
C:/Users/User/Documents/GitHub/synthetic_networks/BaselineGraphs/baseline_analyis_full_tables.R,C:/Users/User/Documents/GitHub/synthetic_networks/scripts/70_ERGMTry2_legacy_fromRmd.R
C:/Users/User/Documents/GitHub/synthetic_networks/BaselineGraphs/baseline_analyis_full_tables.R,C:/Users/User/Documents/GitHub/synthetic_networks/scripts/80_LoanImpl1_fromRmd.R
C:/Users/User/Documents/GitHub/synthetic_networks/BaselineGraphs/baseline_analyis_full_tables.R,C:/Users/User/Documents/GitHub/synthetic_networks/Visualizing/TableAndCalculations.R
C:/Users/User/Documents/GitHub/synthetic_networks/BaselineGraphs/baseline_analyis_full_tables.R,C:/Users/User/Documents/GitHub/synthetic_networks/Visualizing/visualizing_GSIBW2.R
C:/Users/User/Documents/GitHub/synthetic_networks/BaselineGraphs/baseline_analyis_full_tables.R,C:/Users/User/Documents/GitHub/synthetic_networks/Visualizing/visualizing_LCC.R
C:/Users/User/Documents/GitHub/synthetic_networks/ERGM/ERGM_Analysis/ergm_centrality_insights.R,C:/Users/User/Documents/GitHub/synthetic_networks/BaselineGraphs/baseline_analyis_full_tables.R
C:/Users/User/Documents/GitHub/synthetic_networks/ERGM/ERGM_Analysis/ergm_centrality_insights.R,C:/Users/User/Documents/GitHub/synthetic_networks/ERGM/fullnetwork_tries/bigmodel_working.R
C:/Users/User/Documents/GitHub/synthetic_networks/ERGM/ERGM_Analysis/ergm_centrality_insights.R,C:/Users/User/Documents/GitHub/synthetic_networks/Other Analysis/baseline_extra_metrics.R
C:/Users/User/Documents/GitHub/synthetic_networks/ERGM/ERGM_Analysis/ergm_centrality_insights.R,C:/Users/User/Documents/GitHub/synthetic_networks/Other Analysis/lcc_centralities_table.R
C:/Users/User/Documents/GitHub/synthetic_networks/ERGM/ERGM_Analysis/ergm_centrality_insights.R,C:/Users/User/Documents/GitHub/synthetic_networks/Other Analysis/raw_graph_analysis.R
C:/Users/User/Documents/GitHub/synthetic_networks/ERGM/ERGM_Analysis/ergm_centrality_insights.R,C:/Users/User/Documents/GitHub/synthetic_networks/scripts/10_basegraph_analysis_function_fromRmd.R
C:/Users/User/Documents/GitHub/synthetic_networks/ERGM/ERGM_Analysis/ergm_centrality_insights.R,C:/Users/User/Documents/GitHub/synthetic_networks/scripts/110_graph_descriptive_analysis_fromRmd.R
C:/Users/User/Documents/GitHub/synthetic_networks/ERGM/ERGM_Analysis/ergm_centrality_insights.R,C:/Users/User/Documents/GitHub/synthetic_networks/scripts/60_ERGMTry1_legacy_fromRmd.R
C:/Users/User/Documents/GitHub/synthetic_networks/ERGM/ERGM_Analysis/ergm_centrality_insights.R,C:/Users/User/Documents/GitHub/synthetic_networks/scripts/80_LoanImpl1_fromRmd.R
C:/Users/User/Documents/GitHub/synthetic_networks/ERGM/ERGM_Analysis/ergm_centrality_insights.R,C:/Users/User/Documents/GitHub/synthetic_networks/scripts/90_random code_legacy_fromRmd.R
C:/Users/User/Documents/GitHub/synthetic_networks/ERGM/ERGM_Analysis/ergm_centrality_insights.R,C:/Users/User/Documents/GitHub/synthetic_networks/Visualizing/TableAndCalculations.R
C:/Users/User/Documents/GitHub/synthetic_networks/ERGM/ERGM_Analysis/ergm_gof_plots.R,C:/Users/User/Documents/GitHub/synthetic_networks/BaselineGraphs/baseline_analyis_full_tables.R
C:/Users/User/Documents/GitHub/synthetic_networks/ERGM/ERGM_Analysis/ergm_gof_plots.R,C:/Users/User/Documents/GitHub/synthetic_networks/ERGM/ERGM_Analysis/ergm_centrality_insights.R
C:/Users/User/Documents/GitHub/synthetic_networks/ERGM/ERGM_Analysis/ergm_gof_plots.R,C:/Users/User/Documents/GitHub/synthetic_networks/ERGM/ERGM_Analysis/ergm_gof_table.R
C:/Users/User/Documents/GitHub/synthetic_networks/ERGM/ERGM_Analysis/ergm_gof_plots.R,C:/Users/User/Documents/GitHub/synthetic_networks/ERGM/ERGM_Analysis/ergm_simulation_insights.R
C:/Users/User/Documents/GitHub/synthetic_networks/ERGM/ERGM_Analysis/ergm_gof_plots.R,C:/Users/User/Documents/GitHub/synthetic_networks/ERGM/ERGM_Analysis/ergm_vs_baselines.R
C:/Users/User/Documents/GitHub/synthetic_networks/ERGM/ERGM_Analysis/ergm_gof_plots.R,C:/Users/User/Documents/GitHub/synthetic_networks/ERGM/fullnetwork_tries/ergm_bigmodel_fails.R
C:/Users/User/Documents/GitHub/synthetic_networks/ERGM/ERGM_Analysis/ergm_gof_plots.R,C:/Users/User/Documents/GitHub/synthetic_networks/ERGM/smallnetwork/small_network_analysis.R
C:/Users/User/Documents/GitHub/synthetic_networks/ERGM/ERGM_Analysis/ergm_gof_plots.R,C:/Users/User/Documents/GitHub/synthetic_networks/ERGM/smallnetwork/small_network_analysis_s.R
C:/Users/User/Documents/GitHub/synthetic_networks/ERGM/ERGM_Analysis/ergm_gof_plots.R,C:/Users/User/Documents/GitHub/synthetic_networks/Other Analysis/full_heavy_tail_analysis.R
C:/Users/User/Documents/GitHub/synthetic_networks/ERGM/ERGM_Analysis/ergm_gof_plots.R,C:/Users/User/Documents/GitHub/synthetic_networks/Other Analysis/lcc_centralities_table.R
C:/Users/User/Documents/GitHub/synthetic_networks/ERGM/ERGM_Analysis/ergm_gof_plots.R,C:/Users/User/Documents/GitHub/synthetic_networks/Other Analysis/raw_graph_analysis.R
C:/Users/User/Documents/GitHub/synthetic_networks/ERGM/ERGM_Analysis/ergm_gof_plots.R,C:/Users/User/Documents/GitHub/synthetic_networks/scripts/10_basegraph_analysis_function_fromRmd.R
C:/Users/User/Documents/GitHub/synthetic_networks/ERGM/ERGM_Analysis/ergm_gof_plots.R,C:/Users/User/Documents/GitHub/synthetic_networks/scripts/110_graph_descriptive_analysis_fromRmd.R
C:/Users/User/Documents/GitHub/synthetic_networks/ERGM/ERGM_Analysis/ergm_gof_plots.R,C:/Users/User/Documents/GitHub/synthetic_networks/scripts/20_init_basline_samplegraphs_fromRmd.R
C:/Users/User/Documents/GitHub/synthetic_networks/ERGM/ERGM_Analysis/ergm_gof_plots.R,C:/Users/User/Documents/GitHub/synthetic_networks/scripts/30_ERGM_Result1_fromRmd.R
C:/Users/User/Documents/GitHub/synthetic_networks/ERGM/ERGM_Analysis/ergm_gof_plots.R,C:/Users/User/Documents/GitHub/synthetic_networks/scripts/40_ERGM_Result2_fromRmd.R
C:/Users/User/Documents/GitHub/synthetic_networks/ERGM/ERGM_Analysis/ergm_gof_plots.R,C:/Users/User/Documents/GitHub/synthetic_networks/scripts/50_ERGM_Result3_inverted_fromRmd.R
C:/Users/User/Documents/GitHub/synthetic_networks/ERGM/ERGM_Analysis/ergm_gof_plots.R,C:/Users/User/Documents/GitHub/synthetic_networks/scripts/60_ERGMTry1_legacy_fromRmd.R
C:/Users/User/Documents/GitHub/synthetic_networks/ERGM/ERGM_Analysis/ergm_gof_plots.R,C:/Users/User/Documents/GitHub/synthetic_networks/scripts/80_LoanImpl1_fromRmd.R
C:/Users/User/Documents/GitHub/synthetic_networks/ERGM/ERGM_Analysis/ergm_gof_plots.R,C:/Users/User/Documents/GitHub/synthetic_networks/scripts/90_random code_legacy_fromRmd.R
C:/Users/User/Documents/GitHub/synthetic_networks/ERGM/ERGM_Analysis/ergm_gof_plots.R,C:/Users/User/Documents/GitHub/synthetic_networks/Visualizing/TableAndCalculations.R
C:/Users/User/Documents/GitHub/synthetic_networks/ERGM/ERGM_Analysis/ergm_gof_plots.R,C:/Users/User/Documents/GitHub/synthetic_networks/Visualizing/visualizing_LCC.R
C:/Users/User/Documents/GitHub/synthetic_networks/ERGM/ERGM_Analysis/ergm_gof_table.R,C:/Users/User/Documents/GitHub/synthetic_networks/BaselineGraphs/baseline_analyis_full_tables.R
C:/Users/User/Documents/GitHub/synthetic_networks/ERGM/ERGM_Analysis/ergm_gof_table.R,C:/Users/User/Documents/GitHub/synthetic_networks/ERGM/ERGM_Analysis/ergm_centrality_insights.R
C:/Users/User/Documents/GitHub/synthetic_networks/ERGM/ERGM_Analysis/ergm_gof_table.R,C:/Users/User/Documents/GitHub/synthetic_networks/ERGM/ERGM_Analysis/ergm_simulation_insights.R
C:/Users/User/Documents/GitHub/synthetic_networks/ERGM/ERGM_Analysis/ergm_gof_table.R,C:/Users/User/Documents/GitHub/synthetic_networks/ERGM/ERGM_Analysis/ergm_vs_baselines.R
C:/Users/User/Documents/GitHub/synthetic_networks/ERGM/ERGM_Analysis/ergm_gof_table.R,C:/Users/User/Documents/GitHub/synthetic_networks/ERGM/fullnetwork_tries/bigmodel_working.R
C:/Users/User/Documents/GitHub/synthetic_networks/ERGM/ERGM_Analysis/ergm_gof_table.R,C:/Users/User/Documents/GitHub/synthetic_networks/ERGM/fullnetwork_tries/ergm_bigmodel_fails.R
C:/Users/User/Documents/GitHub/synthetic_networks/ERGM/ERGM_Analysis/ergm_gof_table.R,C:/Users/User/Documents/GitHub/synthetic_networks/ERGM/smallnetwork/small_network_analysis.R
C:/Users/User/Documents/GitHub/synthetic_networks/ERGM/ERGM_Analysis/ergm_gof_table.R,C:/Users/User/Documents/GitHub/synthetic_networks/ERGM/smallnetwork/small_network_analysis_s.R
C:/Users/User/Documents/GitHub/synthetic_networks/ERGM/ERGM_Analysis/ergm_gof_table.R,C:/Users/User/Documents/GitHub/synthetic_networks/Other Analysis/baseline_extra_metrics.R
C:/Users/User/Documents/GitHub/synthetic_networks/ERGM/ERGM_Analysis/ergm_gof_table.R,C:/Users/User/Documents/GitHub/synthetic_networks/Other Analysis/lcc_centralities_table.R
C:/Users/User/Documents/GitHub/synthetic_networks/ERGM/ERGM_Analysis/ergm_gof_table.R,C:/Users/User/Documents/GitHub/synthetic_networks/Other Analysis/raw_graph_analysis.R
C:/Users/User/Documents/GitHub/synthetic_networks/ERGM/ERGM_Analysis/ergm_gof_table.R,C:/Users/User/Documents/GitHub/synthetic_networks/scripts/10_basegraph_analysis_function_fromRmd.R
C:/Users/User/Documents/GitHub/synthetic_networks/ERGM/ERGM_Analysis/ergm_gof_table.R,C:/Users/User/Documents/GitHub/synthetic_networks/scripts/110_graph_descriptive_analysis_fromRmd.R
C:/Users/User/Documents/GitHub/synthetic_networks/ERGM/ERGM_Analysis/ergm_gof_table.R,C:/Users/User/Documents/GitHub/synthetic_networks/scripts/60_ERGMTry1_legacy_fromRmd.R
C:/Users/User/Documents/GitHub/synthetic_networks/ERGM/ERGM_Analysis/ergm_gof_table.R,C:/Users/User/Documents/GitHub/synthetic_networks/scripts/80_LoanImpl1_fromRmd.R
C:/Users/User/Documents/GitHub/synthetic_networks/ERGM/ERGM_Analysis/ergm_gof_table.R,C:/Users/User/Documents/GitHub/synthetic_networks/scripts/90_random code_legacy_fromRmd.R
C:/Users/User/Documents/GitHub/synthetic_networks/ERGM/ERGM_Analysis/ergm_gof_table.R,C:/Users/User/Documents/GitHub/synthetic_networks/Visualizing/TableAndCalculations.R
C:/Users/User/Documents/GitHub/synthetic_networks/ERGM/ERGM_Analysis/ergm_simulation_insights.R,C:/Users/User/Documents/GitHub/synthetic_networks/BaselineGraphs/baseline_analyis_full_tables.R
C:/Users/User/Documents/GitHub/synthetic_networks/ERGM/ERGM_Analysis/ergm_simulation_insights.R,C:/Users/User/Documents/GitHub/synthetic_networks/ERGM/ERGM_Analysis/ergm_centrality_insights.R
C:/Users/User/Documents/GitHub/synthetic_networks/ERGM/ERGM_Analysis/ergm_simulation_insights.R,C:/Users/User/Documents/GitHub/synthetic_networks/ERGM/ERGM_Analysis/ergm_gof_plots.R
C:/Users/User/Documents/GitHub/synthetic_networks/ERGM/ERGM_Analysis/ergm_simulation_insights.R,C:/Users/User/Documents/GitHub/synthetic_networks/ERGM/ERGM_Analysis/ergm_gof_table.R
C:/Users/User/Documents/GitHub/synthetic_networks/ERGM/ERGM_Analysis/ergm_simulation_insights.R,C:/Users/User/Documents/GitHub/synthetic_networks/ERGM/ERGM_Analysis/ergm_vs_baselines.R
C:/Users/User/Documents/GitHub/synthetic_networks/ERGM/ERGM_Analysis/ergm_simulation_insights.R,C:/Users/User/Documents/GitHub/synthetic_networks/ERGM/smallnetwork/small_network_analysis.R
C:/Users/User/Documents/GitHub/synthetic_networks/ERGM/ERGM_Analysis/ergm_simulation_insights.R,C:/Users/User/Documents/GitHub/synthetic_networks/ERGM/smallnetwork/small_network_analysis_s.R
C:/Users/User/Documents/GitHub/synthetic_networks/ERGM/ERGM_Analysis/ergm_simulation_insights.R,C:/Users/User/Documents/GitHub/synthetic_networks/Other Analysis/baseline_extra_metrics.R
C:/Users/User/Documents/GitHub/synthetic_networks/ERGM/ERGM_Analysis/ergm_simulation_insights.R,C:/Users/User/Documents/GitHub/synthetic_networks/Other Analysis/full_heavy_tail_analysis.R
C:/Users/User/Documents/GitHub/synthetic_networks/ERGM/ERGM_Analysis/ergm_simulation_insights.R,C:/Users/User/Documents/GitHub/synthetic_networks/Other Analysis/lcc_centralities_table.R
C:/Users/User/Documents/GitHub/synthetic_networks/ERGM/ERGM_Analysis/ergm_simulation_insights.R,C:/Users/User/Documents/GitHub/synthetic_networks/Other Analysis/raw_graph_analysis.R
C:/Users/User/Documents/GitHub/synthetic_networks/ERGM/ERGM_Analysis/ergm_simulation_insights.R,C:/Users/User/Documents/GitHub/synthetic_networks/scripts/10_basegraph_analysis_function_fromRmd.R
C:/Users/User/Documents/GitHub/synthetic_networks/ERGM/ERGM_Analysis/ergm_simulation_insights.R,C:/Users/User/Documents/GitHub/synthetic_networks/scripts/110_graph_descriptive_analysis_fromRmd.R
C:/Users/User/Documents/GitHub/synthetic_networks/ERGM/ERGM_Analysis/ergm_simulation_insights.R,C:/Users/User/Documents/GitHub/synthetic_networks/scripts/120_init_LoanNetwork_fromRmd.R
C:/Users/User/Documents/GitHub/synthetic_networks/ERGM/ERGM_Analysis/ergm_simulation_insights.R,C:/Users/User/Documents/GitHub/synthetic_networks/scripts/20_init_basline_samplegraphs_fromRmd.R
C:/Users/User/Documents/GitHub/synthetic_networks/ERGM/ERGM_Analysis/ergm_simulation_insights.R,C:/Users/User/Documents/GitHub/synthetic_networks/scripts/30_ERGM_Result1_fromRmd.R
C:/Users/User/Documents/GitHub/synthetic_networks/ERGM/ERGM_Analysis/ergm_simulation_insights.R,C:/Users/User/Documents/GitHub/synthetic_networks/scripts/40_ERGM_Result2_fromRmd.R
C:/Users/User/Documents/GitHub/synthetic_networks/ERGM/ERGM_Analysis/ergm_simulation_insights.R,C:/Users/User/Documents/GitHub/synthetic_networks/scripts/50_ERGM_Result3_inverted_fromRmd.R
C:/Users/User/Documents/GitHub/synthetic_networks/ERGM/ERGM_Analysis/ergm_simulation_insights.R,C:/Users/User/Documents/GitHub/synthetic_networks/scripts/60_ERGMTry1_legacy_fromRmd.R
C:/Users/User/Documents/GitHub/synthetic_networks/ERGM/ERGM_Analysis/ergm_simulation_insights.R,C:/Users/User/Documents/GitHub/synthetic_networks/scripts/80_LoanImpl1_fromRmd.R
C:/Users/User/Documents/GitHub/synthetic_networks/ERGM/ERGM_Analysis/ergm_simulation_insights.R,C:/Users/User/Documents/GitHub/synthetic_networks/scripts/90_random code_legacy_fromRmd.R
C:/Users/User/Documents/GitHub/synthetic_networks/ERGM/ERGM_Analysis/ergm_simulation_insights.R,C:/Users/User/Documents/GitHub/synthetic_networks/Visualizing/TableAndCalculations.R
C:/Users/User/Documents/GitHub/synthetic_networks/ERGM/ERGM_Analysis/ergm_simulation_insights.R,C:/Users/User/Documents/GitHub/synthetic_networks/Visualizing/visualizing_LCC.R
C:/Users/User/Documents/GitHub/synthetic_networks/ERGM/ERGM_Analysis/ergm_vs_baselines.R,C:/Users/User/Documents/GitHub/synthetic_networks/BaselineGraphs/baseline_analyis_full_tables.R
C:/Users/User/Documents/GitHub/synthetic_networks/ERGM/ERGM_Analysis/ergm_vs_baselines.R,C:/Users/User/Documents/GitHub/synthetic_networks/ERGM/ERGM_Analysis/ergm_centrality_insights.R
C:/Users/User/Documents/GitHub/synthetic_networks/ERGM/ERGM_Analysis/ergm_vs_baselines.R,C:/Users/User/Documents/GitHub/synthetic_networks/ERGM/ERGM_Analysis/ergm_gof_plots.R
C:/Users/User/Documents/GitHub/synthetic_networks/ERGM/ERGM_Analysis/ergm_vs_baselines.R,C:/Users/User/Documents/GitHub/synthetic_networks/ERGM/ERGM_Analysis/ergm_gof_table.R
C:/Users/User/Documents/GitHub/synthetic_networks/ERGM/ERGM_Analysis/ergm_vs_baselines.R,C:/Users/User/Documents/GitHub/synthetic_networks/ERGM/ERGM_Analysis/ergm_simulation_insights.R
C:/Users/User/Documents/GitHub/synthetic_networks/ERGM/ERGM_Analysis/ergm_vs_baselines.R,C:/Users/User/Documents/GitHub/synthetic_networks/ERGM/fullnetwork_tries/bigmodel_working.R
C:/Users/User/Documents/GitHub/synthetic_networks/ERGM/ERGM_Analysis/ergm_vs_baselines.R,C:/Users/User/Documents/GitHub/synthetic_networks/ERGM/fullnetwork_tries/ergm_bigmodel_fails.R
C:/Users/User/Documents/GitHub/synthetic_networks/ERGM/ERGM_Analysis/ergm_vs_baselines.R,C:/Users/User/Documents/GitHub/synthetic_networks/ERGM/smallnetwork/small_network_analysis.R
C:/Users/User/Documents/GitHub/synthetic_networks/ERGM/ERGM_Analysis/ergm_vs_baselines.R,C:/Users/User/Documents/GitHub/synthetic_networks/ERGM/smallnetwork/small_network_analysis_s.R
C:/Users/User/Documents/GitHub/synthetic_networks/ERGM/ERGM_Analysis/ergm_vs_baselines.R,C:/Users/User/Documents/GitHub/synthetic_networks/Other Analysis/baseline_extra_metrics.R
C:/Users/User/Documents/GitHub/synthetic_networks/ERGM/ERGM_Analysis/ergm_vs_baselines.R,C:/Users/User/Documents/GitHub/synthetic_networks/Other Analysis/full_heavy_tail_analysis.R
C:/Users/User/Documents/GitHub/synthetic_networks/ERGM/ERGM_Analysis/ergm_vs_baselines.R,C:/Users/User/Documents/GitHub/synthetic_networks/Other Analysis/lcc_centralities_table.R
C:/Users/User/Documents/GitHub/synthetic_networks/ERGM/ERGM_Analysis/ergm_vs_baselines.R,C:/Users/User/Documents/GitHub/synthetic_networks/Other Analysis/raw_graph_analysis.R
C:/Users/User/Documents/GitHub/synthetic_networks/ERGM/ERGM_Analysis/ergm_vs_baselines.R,C:/Users/User/Documents/GitHub/synthetic_networks/scripts/100_ERGM_ModelSelection_fromRmd.R
C:/Users/User/Documents/GitHub/synthetic_networks/ERGM/ERGM_Analysis/ergm_vs_baselines.R,C:/Users/User/Documents/GitHub/synthetic_networks/scripts/10_basegraph_analysis_function_fromRmd.R
C:/Users/User/Documents/GitHub/synthetic_networks/ERGM/ERGM_Analysis/ergm_vs_baselines.R,C:/Users/User/Documents/GitHub/synthetic_networks/scripts/110_graph_descriptive_analysis_fromRmd.R
C:/Users/User/Documents/GitHub/synthetic_networks/ERGM/ERGM_Analysis/ergm_vs_baselines.R,C:/Users/User/Documents/GitHub/synthetic_networks/scripts/120_init_LoanNetwork_fromRmd.R
C:/Users/User/Documents/GitHub/synthetic_networks/ERGM/ERGM_Analysis/ergm_vs_baselines.R,C:/Users/User/Documents/GitHub/synthetic_networks/scripts/20_init_basline_samplegraphs_fromRmd.R
C:/Users/User/Documents/GitHub/synthetic_networks/ERGM/ERGM_Analysis/ergm_vs_baselines.R,C:/Users/User/Documents/GitHub/synthetic_networks/scripts/40_ERGM_Result2_fromRmd.R
C:/Users/User/Documents/GitHub/synthetic_networks/ERGM/ERGM_Analysis/ergm_vs_baselines.R,C:/Users/User/Documents/GitHub/synthetic_networks/scripts/50_ERGM_Result3_inverted_fromRmd.R
C:/Users/User/Documents/GitHub/synthetic_networks/ERGM/ERGM_Analysis/ergm_vs_baselines.R,C:/Users/User/Documents/GitHub/synthetic_networks/scripts/60_ERGMTry1_legacy_fromRmd.R
C:/Users/User/Documents/GitHub/synthetic_networks/ERGM/ERGM_Analysis/ergm_vs_baselines.R,C:/Users/User/Documents/GitHub/synthetic_networks/scripts/70_ERGMTry2_legacy_fromRmd.R
C:/Users/User/Documents/GitHub/synthetic_networks/ERGM/ERGM_Analysis/ergm_vs_baselines.R,C:/Users/User/Documents/GitHub/synthetic_networks/scripts/80_LoanImpl1_fromRmd.R
C:/Users/User/Documents/GitHub/synthetic_networks/ERGM/ERGM_Analysis/ergm_vs_baselines.R,C:/Users/User/Documents/GitHub/synthetic_networks/scripts/90_random code_legacy_fromRmd.R
C:/Users/User/Documents/GitHub/synthetic_networks/ERGM/ERGM_Analysis/ergm_vs_baselines.R,C:/Users/User/Documents/GitHub/synthetic_networks/Visualizing/TableAndCalculations.R
C:/Users/User/Documents/GitHub/synthetic_networks/ERGM/ERGM_Analysis/ergm_vs_baselines.R,C:/Users/User/Documents/GitHub/synthetic_networks/Visualizing/visualizing_GSIBW2.R
C:/Users/User/Documents/GitHub/synthetic_networks/ERGM/ERGM_Analysis/ergm_vs_baselines.R,C:/Users/User/Documents/GitHub/synthetic_networks/Visualizing/visualizing_LCC.R
C:/Users/User/Documents/GitHub/synthetic_networks/ERGM/fullnetwork_tries/bigmodel_working.R,C:/Users/User/Documents/GitHub/synthetic_networks/ERGM/ERGM_Analysis/ergm_gof_table.R
C:/Users/User/Documents/GitHub/synthetic_networks/ERGM/fullnetwork_tries/bigmodel_working.R,C:/Users/User/Documents/GitHub/synthetic_networks/ERGM/smallnetwork/small_network_.R
C:/Users/User/Documents/GitHub/synthetic_networks/ERGM/fullnetwork_tries/bigmodel_working.R,C:/Users/User/Documents/GitHub/synthetic_networks/ERGM/smallnetwork/small_network_analysis_s.R
C:/Users/User/Documents/GitHub/synthetic_networks/ERGM/fullnetwork_tries/bigmodel_working.R,C:/Users/User/Documents/GitHub/synthetic_networks/Other Analysis/full_heavy_tail_analysis.R
C:/Users/User/Documents/GitHub/synthetic_networks/ERGM/fullnetwork_tries/bigmodel_working.R,C:/Users/User/Documents/GitHub/synthetic_networks/scripts/100_ERGM_ModelSelection_fromRmd.R
C:/Users/User/Documents/GitHub/synthetic_networks/ERGM/fullnetwork_tries/bigmodel_working.R,C:/Users/User/Documents/GitHub/synthetic_networks/scripts/110_graph_descriptive_analysis_fromRmd.R
C:/Users/User/Documents/GitHub/synthetic_networks/ERGM/fullnetwork_tries/bigmodel_working.R,C:/Users/User/Documents/GitHub/synthetic_networks/scripts/120_init_LoanNetwork_fromRmd.R
C:/Users/User/Documents/GitHub/synthetic_networks/ERGM/fullnetwork_tries/bigmodel_working.R,C:/Users/User/Documents/GitHub/synthetic_networks/scripts/60_ERGMTry1_legacy_fromRmd.R
C:/Users/User/Documents/GitHub/synthetic_networks/ERGM/fullnetwork_tries/bigmodel_working.R,C:/Users/User/Documents/GitHub/synthetic_networks/scripts/70_ERGMTry2_legacy_fromRmd.R
C:/Users/User/Documents/GitHub/synthetic_networks/ERGM/fullnetwork_tries/bigmodel_working.R,C:/Users/User/Documents/GitHub/synthetic_networks/scripts/80_LoanImpl1_fromRmd.R
C:/Users/User/Documents/GitHub/synthetic_networks/ERGM/fullnetwork_tries/bigmodel_working.R,C:/Users/User/Documents/GitHub/synthetic_networks/scripts/90_random code_legacy_fromRmd.R
C:/Users/User/Documents/GitHub/synthetic_networks/ERGM/fullnetwork_tries/bigmodel_working.R,C:/Users/User/Documents/GitHub/synthetic_networks/Visualizing/visualizing_LCC.R
C:/Users/User/Documents/GitHub/synthetic_networks/ERGM/fullnetwork_tries/ergm_bigmodel_fails.R,C:/Users/User/Documents/GitHub/synthetic_networks/ERGM/ERGM_Analysis/ergm_gof_plots.R
C:/Users/User/Documents/GitHub/synthetic_networks/ERGM/fullnetwork_tries/ergm_bigmodel_fails.R,C:/Users/User/Documents/GitHub/synthetic_networks/ERGM/ERGM_Analysis/ergm_gof_table.R
C:/Users/User/Documents/GitHub/synthetic_networks/ERGM/fullnetwork_tries/ergm_bigmodel_fails.R,C:/Users/User/Documents/GitHub/synthetic_networks/ERGM/ERGM_Analysis/ergm_simulation_insights.R
C:/Users/User/Documents/GitHub/synthetic_networks/ERGM/fullnetwork_tries/ergm_bigmodel_fails.R,C:/Users/User/Documents/GitHub/synthetic_networks/ERGM/fullnetwork_tries/bigmodel_working.R
C:/Users/User/Documents/GitHub/synthetic_networks/ERGM/fullnetwork_tries/ergm_bigmodel_fails.R,C:/Users/User/Documents/GitHub/synthetic_networks/ERGM/smallnetwork/small_network_.R
C:/Users/User/Documents/GitHub/synthetic_networks/ERGM/fullnetwork_tries/ergm_bigmodel_fails.R,C:/Users/User/Documents/GitHub/synthetic_networks/ERGM/smallnetwork/small_network_analysis_s.R
C:/Users/User/Documents/GitHub/synthetic_networks/ERGM/fullnetwork_tries/ergm_bigmodel_fails.R,C:/Users/User/Documents/GitHub/synthetic_networks/Other Analysis/full_heavy_tail_analysis.R
C:/Users/User/Documents/GitHub/synthetic_networks/ERGM/fullnetwork_tries/ergm_bigmodel_fails.R,C:/Users/User/Documents/GitHub/synthetic_networks/scripts/100_ERGM_ModelSelection_fromRmd.R
C:/Users/User/Documents/GitHub/synthetic_networks/ERGM/fullnetwork_tries/ergm_bigmodel_fails.R,C:/Users/User/Documents/GitHub/synthetic_networks/scripts/10_basegraph_analysis_function_fromRmd.R
C:/Users/User/Documents/GitHub/synthetic_networks/ERGM/fullnetwork_tries/ergm_bigmodel_fails.R,C:/Users/User/Documents/GitHub/synthetic_networks/scripts/110_graph_descriptive_analysis_fromRmd.R
C:/Users/User/Documents/GitHub/synthetic_networks/ERGM/fullnetwork_tries/ergm_bigmodel_fails.R,C:/Users/User/Documents/GitHub/synthetic_networks/scripts/120_init_LoanNetwork_fromRmd.R
C:/Users/User/Documents/GitHub/synthetic_networks/ERGM/fullnetwork_tries/ergm_bigmodel_fails.R,C:/Users/User/Documents/GitHub/synthetic_networks/scripts/20_init_basline_samplegraphs_fromRmd.R
C:/Users/User/Documents/GitHub/synthetic_networks/ERGM/fullnetwork_tries/ergm_bigmodel_fails.R,C:/Users/User/Documents/GitHub/synthetic_networks/scripts/30_ERGM_Result1_fromRmd.R
C:/Users/User/Documents/GitHub/synthetic_networks/ERGM/fullnetwork_tries/ergm_bigmodel_fails.R,C:/Users/User/Documents/GitHub/synthetic_networks/scripts/60_ERGMTry1_legacy_fromRmd.R
C:/Users/User/Documents/GitHub/synthetic_networks/ERGM/fullnetwork_tries/ergm_bigmodel_fails.R,C:/Users/User/Documents/GitHub/synthetic_networks/scripts/70_ERGMTry2_legacy_fromRmd.R
C:/Users/User/Documents/GitHub/synthetic_networks/ERGM/fullnetwork_tries/ergm_bigmodel_fails.R,C:/Users/User/Documents/GitHub/synthetic_networks/scripts/80_LoanImpl1_fromRmd.R
C:/Users/User/Documents/GitHub/synthetic_networks/ERGM/fullnetwork_tries/ergm_bigmodel_fails.R,C:/Users/User/Documents/GitHub/synthetic_networks/scripts/90_random code_legacy_fromRmd.R
C:/Users/User/Documents/GitHub/synthetic_networks/ERGM/fullnetwork_tries/ergm_bigmodel_fails.R,C:/Users/User/Documents/GitHub/synthetic_networks/Visualizing/visualizing_LCC.R
C:/Users/User/Documents/GitHub/synthetic_networks/ERGM/smallnetwork/small_network_.R,C:/Users/User/Documents/GitHub/synthetic_networks/ERGM/smallnetwork/small_network_analysis.R
C:/Users/User/Documents/GitHub/synthetic_networks/ERGM/smallnetwork/small_network_.R,C:/Users/User/Documents/GitHub/synthetic_networks/ERGM/smallnetwork/small_network_analysis_s.R
C:/Users/User/Documents/GitHub/synthetic_networks/ERGM/smallnetwork/small_network_.R,C:/Users/User/Documents/GitHub/synthetic_networks/Other Analysis/full_heavy_tail_analysis.R
C:/Users/User/Documents/GitHub/synthetic_networks/ERGM/smallnetwork/small_network_.R,C:/Users/User/Documents/GitHub/synthetic_networks/scripts/100_ERGM_ModelSelection_fromRmd.R
C:/Users/User/Documents/GitHub/synthetic_networks/ERGM/smallnetwork/small_network_.R,C:/Users/User/Documents/GitHub/synthetic_networks/scripts/70_ERGMTry2_legacy_fromRmd.R
C:/Users/User/Documents/GitHub/synthetic_networks/ERGM/smallnetwork/small_network_.R,C:/Users/User/Documents/GitHub/synthetic_networks/Visualizing/TableAndCalculations.R
C:/Users/User/Documents/GitHub/synthetic_networks/ERGM/smallnetwork/small_network_analysis.R,C:/Users/User/Documents/GitHub/synthetic_networks/ERGM/ERGM_Analysis/ergm_centrality_insights.R
C:/Users/User/Documents/GitHub/synthetic_networks/ERGM/smallnetwork/small_network_analysis.R,C:/Users/User/Documents/GitHub/synthetic_networks/ERGM/ERGM_Analysis/ergm_gof_plots.R
C:/Users/User/Documents/GitHub/synthetic_networks/ERGM/smallnetwork/small_network_analysis.R,C:/Users/User/Documents/GitHub/synthetic_networks/ERGM/ERGM_Analysis/ergm_gof_table.R
C:/Users/User/Documents/GitHub/synthetic_networks/ERGM/smallnetwork/small_network_analysis.R,C:/Users/User/Documents/GitHub/synthetic_networks/ERGM/ERGM_Analysis/ergm_simulation_insights.R
C:/Users/User/Documents/GitHub/synthetic_networks/ERGM/smallnetwork/small_network_analysis.R,C:/Users/User/Documents/GitHub/synthetic_networks/ERGM/ERGM_Analysis/ergm_vs_baselines.R
C:/Users/User/Documents/GitHub/synthetic_networks/ERGM/smallnetwork/small_network_analysis.R,C:/Users/User/Documents/GitHub/synthetic_networks/ERGM/fullnetwork_tries/ergm_bigmodel_fails.R
C:/Users/User/Documents/GitHub/synthetic_networks/ERGM/smallnetwork/small_network_analysis.R,C:/Users/User/Documents/GitHub/synthetic_networks/scripts/10_basegraph_analysis_function_fromRmd.R
C:/Users/User/Documents/GitHub/synthetic_networks/ERGM/smallnetwork/small_network_analysis.R,C:/Users/User/Documents/GitHub/synthetic_networks/scripts/120_init_LoanNetwork_fromRmd.R
C:/Users/User/Documents/GitHub/synthetic_networks/ERGM/smallnetwork/small_network_analysis.R,C:/Users/User/Documents/GitHub/synthetic_networks/scripts/20_init_basline_samplegraphs_fromRmd.R
C:/Users/User/Documents/GitHub/synthetic_networks/ERGM/smallnetwork/small_network_analysis.R,C:/Users/User/Documents/GitHub/synthetic_networks/scripts/30_ERGM_Result1_fromRmd.R
C:/Users/User/Documents/GitHub/synthetic_networks/ERGM/smallnetwork/small_network_analysis.R,C:/Users/User/Documents/GitHub/synthetic_networks/scripts/60_ERGMTry1_legacy_fromRmd.R
C:/Users/User/Documents/GitHub/synthetic_networks/ERGM/smallnetwork/small_network_analysis_s.R,C:/Users/User/Documents/GitHub/synthetic_networks/ERGM/ERGM_Analysis/ergm_centrality_insights.R
C:/Users/User/Documents/GitHub/synthetic_networks/ERGM/smallnetwork/small_network_analysis_s.R,C:/Users/User/Documents/GitHub/synthetic_networks/ERGM/ERGM_Analysis/ergm_gof_plots.R
C:/Users/User/Documents/GitHub/synthetic_networks/ERGM/smallnetwork/small_network_analysis_s.R,C:/Users/User/Documents/GitHub/synthetic_networks/ERGM/ERGM_Analysis/ergm_gof_table.R
C:/Users/User/Documents/GitHub/synthetic_networks/ERGM/smallnetwork/small_network_analysis_s.R,C:/Users/User/Documents/GitHub/synthetic_networks/ERGM/ERGM_Analysis/ergm_simulation_insights.R
C:/Users/User/Documents/GitHub/synthetic_networks/ERGM/smallnetwork/small_network_analysis_s.R,C:/Users/User/Documents/GitHub/synthetic_networks/ERGM/ERGM_Analysis/ergm_vs_baselines.R
C:/Users/User/Documents/GitHub/synthetic_networks/ERGM/smallnetwork/small_network_analysis_s.R,C:/Users/User/Documents/GitHub/synthetic_networks/ERGM/fullnetwork_tries/bigmodel_working.R
C:/Users/User/Documents/GitHub/synthetic_networks/ERGM/smallnetwork/small_network_analysis_s.R,C:/Users/User/Documents/GitHub/synthetic_networks/ERGM/fullnetwork_tries/ergm_bigmodel_fails.R
C:/Users/User/Documents/GitHub/synthetic_networks/ERGM/smallnetwork/small_network_analysis_s.R,C:/Users/User/Documents/GitHub/synthetic_networks/ERGM/smallnetwork/small_network_analysis.R
C:/Users/User/Documents/GitHub/synthetic_networks/ERGM/smallnetwork/small_network_analysis_s.R,C:/Users/User/Documents/GitHub/synthetic_networks/scripts/100_ERGM_ModelSelection_fromRmd.R
C:/Users/User/Documents/GitHub/synthetic_networks/ERGM/smallnetwork/small_network_analysis_s.R,C:/Users/User/Documents/GitHub/synthetic_networks/scripts/10_basegraph_analysis_function_fromRmd.R
C:/Users/User/Documents/GitHub/synthetic_networks/ERGM/smallnetwork/small_network_analysis_s.R,C:/Users/User/Documents/GitHub/synthetic_networks/scripts/20_init_basline_samplegraphs_fromRmd.R
C:/Users/User/Documents/GitHub/synthetic_networks/ERGM/smallnetwork/small_network_analysis_s.R,C:/Users/User/Documents/GitHub/synthetic_networks/scripts/30_ERGM_Result1_fromRmd.R
C:/Users/User/Documents/GitHub/synthetic_networks/ERGM/smallnetwork/small_network_analysis_s.R,C:/Users/User/Documents/GitHub/synthetic_networks/scripts/60_ERGMTry1_legacy_fromRmd.R
C:/Users/User/Documents/GitHub/synthetic_networks/ERGM/smallnetwork/small_network_analysis_s.R,C:/Users/User/Documents/GitHub/synthetic_networks/scripts/70_ERGMTry2_legacy_fromRmd.R
C:/Users/User/Documents/GitHub/synthetic_networks/Other Analysis/baseline_extra_metrics.R,C:/Users/User/Documents/GitHub/synthetic_networks/BaselineGraphs/baseline_analyis_full_tables.R
C:/Users/User/Documents/GitHub/synthetic_networks/Other Analysis/baseline_extra_metrics.R,C:/Users/User/Documents/GitHub/synthetic_networks/ERGM/ERGM_Analysis/ergm_centrality_insights.R
C:/Users/User/Documents/GitHub/synthetic_networks/Other Analysis/baseline_extra_metrics.R,C:/Users/User/Documents/GitHub/synthetic_networks/ERGM/ERGM_Analysis/ergm_gof_plots.R
C:/Users/User/Documents/GitHub/synthetic_networks/Other Analysis/baseline_extra_metrics.R,C:/Users/User/Documents/GitHub/synthetic_networks/ERGM/ERGM_Analysis/ergm_gof_table.R
C:/Users/User/Documents/GitHub/synthetic_networks/Other Analysis/baseline_extra_metrics.R,C:/Users/User/Documents/GitHub/synthetic_networks/ERGM/ERGM_Analysis/ergm_simulation_insights.R
C:/Users/User/Documents/GitHub/synthetic_networks/Other Analysis/baseline_extra_metrics.R,C:/Users/User/Documents/GitHub/synthetic_networks/ERGM/ERGM_Analysis/ergm_vs_baselines.R
C:/Users/User/Documents/GitHub/synthetic_networks/Other Analysis/baseline_extra_metrics.R,C:/Users/User/Documents/GitHub/synthetic_networks/ERGM/fullnetwork_tries/ergm_bigmodel_fails.R
C:/Users/User/Documents/GitHub/synthetic_networks/Other Analysis/baseline_extra_metrics.R,C:/Users/User/Documents/GitHub/synthetic_networks/Other Analysis/full_heavy_tail_analysis.R
C:/Users/User/Documents/GitHub/synthetic_networks/Other Analysis/baseline_extra_metrics.R,C:/Users/User/Documents/GitHub/synthetic_networks/Other Analysis/gsib_further_analysis.R
C:/Users/User/Documents/GitHub/synthetic_networks/Other Analysis/baseline_extra_metrics.R,C:/Users/User/Documents/GitHub/synthetic_networks/Other Analysis/lcc_centralities_table.R
C:/Users/User/Documents/GitHub/synthetic_networks/Other Analysis/baseline_extra_metrics.R,C:/Users/User/Documents/GitHub/synthetic_networks/Other Analysis/raw_graph_analysis.R
C:/Users/User/Documents/GitHub/synthetic_networks/Other Analysis/baseline_extra_metrics.R,C:/Users/User/Documents/GitHub/synthetic_networks/scripts/10_basegraph_analysis_function_fromRmd.R
C:/Users/User/Documents/GitHub/synthetic_networks/Other Analysis/baseline_extra_metrics.R,C:/Users/User/Documents/GitHub/synthetic_networks/scripts/110_graph_descriptive_analysis_fromRmd.R
C:/Users/User/Documents/GitHub/synthetic_networks/Other Analysis/baseline_extra_metrics.R,C:/Users/User/Documents/GitHub/synthetic_networks/scripts/20_init_basline_samplegraphs_fromRmd.R
C:/Users/User/Documents/GitHub/synthetic_networks/Other Analysis/baseline_extra_metrics.R,C:/Users/User/Documents/GitHub/synthetic_networks/scripts/40_ERGM_Result2_fromRmd.R
C:/Users/User/Documents/GitHub/synthetic_networks/Other Analysis/baseline_extra_metrics.R,C:/Users/User/Documents/GitHub/synthetic_networks/scripts/50_ERGM_Result3_inverted_fromRmd.R
C:/Users/User/Documents/GitHub/synthetic_networks/Other Analysis/baseline_extra_metrics.R,C:/Users/User/Documents/GitHub/synthetic_networks/scripts/80_LoanImpl1_fromRmd.R
C:/Users/User/Documents/GitHub/synthetic_networks/Other Analysis/baseline_extra_metrics.R,C:/Users/User/Documents/GitHub/synthetic_networks/scripts/90_random code_legacy_fromRmd.R
C:/Users/User/Documents/GitHub/synthetic_networks/Other Analysis/baseline_extra_metrics.R,C:/Users/User/Documents/GitHub/synthetic_networks/Visualizing/TableAndCalculations.R
C:/Users/User/Documents/GitHub/synthetic_networks/Other Analysis/baseline_extra_metrics.R,C:/Users/User/Documents/GitHub/synthetic_networks/Visualizing/visualizing_LCC.R
C:/Users/User/Documents/GitHub/synthetic_networks/Other Analysis/full_heavy_tail_analysis.R,C:/Users/User/Documents/GitHub/synthetic_networks/Other Analysis/baseline_extra_metrics.R
C:/Users/User/Documents/GitHub/synthetic_networks/Other Analysis/full_heavy_tail_analysis.R,C:/Users/User/Documents/GitHub/synthetic_networks/scripts/40_ERGM_Result2_fromRmd.R
C:/Users/User/Documents/GitHub/synthetic_networks/Other Analysis/full_heavy_tail_analysis.R,C:/Users/User/Documents/GitHub/synthetic_networks/scripts/50_ERGM_Result3_inverted_fromRmd.R
C:/Users/User/Documents/GitHub/synthetic_networks/Other Analysis/full_heavy_tail_analysis.R,C:/Users/User/Documents/GitHub/synthetic_networks/Visualizing/visualizing_LCC.R
C:/Users/User/Documents/GitHub/synthetic_networks/Other Analysis/gsib_further_analysis.R,C:/Users/User/Documents/GitHub/synthetic_networks/BaselineGraphs/baseline_analyis_full_tables.R
C:/Users/User/Documents/GitHub/synthetic_networks/Other Analysis/gsib_further_analysis.R,C:/Users/User/Documents/GitHub/synthetic_networks/ERGM/ERGM_Analysis/ergm_centrality_insights.R
C:/Users/User/Documents/GitHub/synthetic_networks/Other Analysis/gsib_further_analysis.R,C:/Users/User/Documents/GitHub/synthetic_networks/ERGM/ERGM_Analysis/ergm_gof_plots.R
C:/Users/User/Documents/GitHub/synthetic_networks/Other Analysis/gsib_further_analysis.R,C:/Users/User/Documents/GitHub/synthetic_networks/ERGM/ERGM_Analysis/ergm_gof_table.R
C:/Users/User/Documents/GitHub/synthetic_networks/Other Analysis/gsib_further_analysis.R,C:/Users/User/Documents/GitHub/synthetic_networks/ERGM/ERGM_Analysis/ergm_simulation_insights.R
C:/Users/User/Documents/GitHub/synthetic_networks/Other Analysis/gsib_further_analysis.R,C:/Users/User/Documents/GitHub/synthetic_networks/ERGM/ERGM_Analysis/ergm_vs_baselines.R
C:/Users/User/Documents/GitHub/synthetic_networks/Other Analysis/gsib_further_analysis.R,C:/Users/User/Documents/GitHub/synthetic_networks/ERGM/fullnetwork_tries/ergm_bigmodel_fails.R
C:/Users/User/Documents/GitHub/synthetic_networks/Other Analysis/gsib_further_analysis.R,C:/Users/User/Documents/GitHub/synthetic_networks/Other Analysis/full_heavy_tail_analysis.R
C:/Users/User/Documents/GitHub/synthetic_networks/Other Analysis/gsib_further_analysis.R,C:/Users/User/Documents/GitHub/synthetic_networks/Other Analysis/lcc_centralities_table.R
C:/Users/User/Documents/GitHub/synthetic_networks/Other Analysis/gsib_further_analysis.R,C:/Users/User/Documents/GitHub/synthetic_networks/Other Analysis/raw_graph_analysis.R
C:/Users/User/Documents/GitHub/synthetic_networks/Other Analysis/gsib_further_analysis.R,C:/Users/User/Documents/GitHub/synthetic_networks/scripts/10_basegraph_analysis_function_fromRmd.R
C:/Users/User/Documents/GitHub/synthetic_networks/Other Analysis/gsib_further_analysis.R,C:/Users/User/Documents/GitHub/synthetic_networks/scripts/110_graph_descriptive_analysis_fromRmd.R
C:/Users/User/Documents/GitHub/synthetic_networks/Other Analysis/gsib_further_analysis.R,C:/Users/User/Documents/GitHub/synthetic_networks/scripts/20_init_basline_samplegraphs_fromRmd.R
C:/Users/User/Documents/GitHub/synthetic_networks/Other Analysis/gsib_further_analysis.R,C:/Users/User/Documents/GitHub/synthetic_networks/scripts/40_ERGM_Result2_fromRmd.R
C:/Users/User/Documents/GitHub/synthetic_networks/Other Analysis/gsib_further_analysis.R,C:/Users/User/Documents/GitHub/synthetic_networks/scripts/50_ERGM_Result3_inverted_fromRmd.R
C:/Users/User/Documents/GitHub/synthetic_networks/Other Analysis/gsib_further_analysis.R,C:/Users/User/Documents/GitHub/synthetic_networks/scripts/80_LoanImpl1_fromRmd.R
C:/Users/User/Documents/GitHub/synthetic_networks/Other Analysis/gsib_further_analysis.R,C:/Users/User/Documents/GitHub/synthetic_networks/scripts/90_random code_legacy_fromRmd.R
C:/Users/User/Documents/GitHub/synthetic_networks/Other Analysis/gsib_further_analysis.R,C:/Users/User/Documents/GitHub/synthetic_networks/Visualizing/TableAndCalculations.R
C:/Users/User/Documents/GitHub/synthetic_networks/Other Analysis/gsib_further_analysis.R,C:/Users/User/Documents/GitHub/synthetic_networks/Visualizing/visualizing_LCC.R
C:/Users/User/Documents/GitHub/synthetic_networks/Other Analysis/lcc_centralities_table.R,C:/Users/User/Documents/GitHub/synthetic_networks/BaselineGraphs/baseline_analyis_full_tables.R
C:/Users/User/Documents/GitHub/synthetic_networks/Other Analysis/lcc_centralities_table.R,C:/Users/User/Documents/GitHub/synthetic_networks/ERGM/ERGM_Analysis/ergm_centrality_insights.R
C:/Users/User/Documents/GitHub/synthetic_networks/Other Analysis/lcc_centralities_table.R,C:/Users/User/Documents/GitHub/synthetic_networks/ERGM/ERGM_Analysis/ergm_gof_plots.R
C:/Users/User/Documents/GitHub/synthetic_networks/Other Analysis/lcc_centralities_table.R,C:/Users/User/Documents/GitHub/synthetic_networks/ERGM/ERGM_Analysis/ergm_gof_table.R
C:/Users/User/Documents/GitHub/synthetic_networks/Other Analysis/lcc_centralities_table.R,C:/Users/User/Documents/GitHub/synthetic_networks/ERGM/ERGM_Analysis/ergm_simulation_insights.R
C:/Users/User/Documents/GitHub/synthetic_networks/Other Analysis/lcc_centralities_table.R,C:/Users/User/Documents/GitHub/synthetic_networks/ERGM/ERGM_Analysis/ergm_vs_baselines.R
C:/Users/User/Documents/GitHub/synthetic_networks/Other Analysis/lcc_centralities_table.R,C:/Users/User/Documents/GitHub/synthetic_networks/ERGM/fullnetwork_tries/ergm_bigmodel_fails.R
C:/Users/User/Documents/GitHub/synthetic_networks/Other Analysis/lcc_centralities_table.R,C:/Users/User/Documents/GitHub/synthetic_networks/Other Analysis/full_heavy_tail_analysis.R
C:/Users/User/Documents/GitHub/synthetic_networks/Other Analysis/lcc_centralities_table.R,C:/Users/User/Documents/GitHub/synthetic_networks/scripts/10_basegraph_analysis_function_fromRmd.R
C:/Users/User/Documents/GitHub/synthetic_networks/Other Analysis/lcc_centralities_table.R,C:/Users/User/Documents/GitHub/synthetic_networks/scripts/110_graph_descriptive_analysis_fromRmd.R
C:/Users/User/Documents/GitHub/synthetic_networks/Other Analysis/lcc_centralities_table.R,C:/Users/User/Documents/GitHub/synthetic_networks/scripts/20_init_basline_samplegraphs_fromRmd.R
C:/Users/User/Documents/GitHub/synthetic_networks/Other Analysis/lcc_centralities_table.R,C:/Users/User/Documents/GitHub/synthetic_networks/scripts/30_ERGM_Result1_fromRmd.R
C:/Users/User/Documents/GitHub/synthetic_networks/Other Analysis/lcc_centralities_table.R,C:/Users/User/Documents/GitHub/synthetic_networks/scripts/40_ERGM_Result2_fromRmd.R
C:/Users/User/Documents/GitHub/synthetic_networks/Other Analysis/lcc_centralities_table.R,C:/Users/User/Documents/GitHub/synthetic_networks/scripts/50_ERGM_Result3_inverted_fromRmd.R
C:/Users/User/Documents/GitHub/synthetic_networks/Other Analysis/lcc_centralities_table.R,C:/Users/User/Documents/GitHub/synthetic_networks/scripts/80_LoanImpl1_fromRmd.R
C:/Users/User/Documents/GitHub/synthetic_networks/Other Analysis/lcc_centralities_table.R,C:/Users/User/Documents/GitHub/synthetic_networks/Visualizing/TableAndCalculations.R
C:/Users/User/Documents/GitHub/synthetic_networks/Other Analysis/lcc_centralities_table.R,C:/Users/User/Documents/GitHub/synthetic_networks/Visualizing/visualizing_LCC.R
C:/Users/User/Documents/GitHub/synthetic_networks/Other Analysis/raw_graph_analysis.R,C:/Users/User/Documents/GitHub/synthetic_networks/ERGM/ERGM_Analysis/ergm_gof_table.R
C:/Users/User/Documents/GitHub/synthetic_networks/Other Analysis/raw_graph_analysis.R,C:/Users/User/Documents/GitHub/synthetic_networks/ERGM/fullnetwork_tries/bigmodel_working.R
C:/Users/User/Documents/GitHub/synthetic_networks/Other Analysis/raw_graph_analysis.R,C:/Users/User/Documents/GitHub/synthetic_networks/ERGM/fullnetwork_tries/ergm_bigmodel_fails.R
C:/Users/User/Documents/GitHub/synthetic_networks/Other Analysis/raw_graph_analysis.R,C:/Users/User/Documents/GitHub/synthetic_networks/scripts/100_ERGM_ModelSelection_fromRmd.R
C:/Users/User/Documents/GitHub/synthetic_networks/Other Analysis/raw_graph_analysis.R,C:/Users/User/Documents/GitHub/synthetic_networks/scripts/110_graph_descriptive_analysis_fromRmd.R
C:/Users/User/Documents/GitHub/synthetic_networks/Other Analysis/raw_graph_analysis.R,C:/Users/User/Documents/GitHub/synthetic_networks/scripts/120_init_LoanNetwork_fromRmd.R
C:/Users/User/Documents/GitHub/synthetic_networks/Other Analysis/raw_graph_analysis.R,C:/Users/User/Documents/GitHub/synthetic_networks/scripts/60_ERGMTry1_legacy_fromRmd.R
C:/Users/User/Documents/GitHub/synthetic_networks/Other Analysis/raw_graph_analysis.R,C:/Users/User/Documents/GitHub/synthetic_networks/scripts/70_ERGMTry2_legacy_fromRmd.R
C:/Users/User/Documents/GitHub/synthetic_networks/Other Analysis/raw_graph_analysis.R,C:/Users/User/Documents/GitHub/synthetic_networks/scripts/80_LoanImpl1_fromRmd.R
C:/Users/User/Documents/GitHub/synthetic_networks/Other Analysis/raw_graph_analysis.R,C:/Users/User/Documents/GitHub/synthetic_networks/Visualizing/visualizing_GSIBW2.R
C:/Users/User/Documents/GitHub/synthetic_networks/Other Analysis/raw_graph_analysis.R,C:/Users/User/Documents/GitHub/synthetic_networks/Visualizing/visualizing_LCC.R
C:/Users/User/Documents/GitHub/synthetic_networks/Other Analysis/raw_graph_analysis.R,C:/Users/User/Documents/GitHub/synthetic_networks/Visualizing/visualizing_NetworkwithVIS_layouts.R
C:/Users/User/Documents/GitHub/synthetic_networks/scripts/100_ERGM_ModelSelection_fromRmd.R,C:/Users/User/Documents/GitHub/synthetic_networks/Other Analysis/full_heavy_tail_analysis.R
C:/Users/User/Documents/GitHub/synthetic_networks/scripts/100_ERGM_ModelSelection_fromRmd.R,C:/Users/User/Documents/GitHub/synthetic_networks/scripts/30_ERGM_Result1_fromRmd.R
C:/Users/User/Documents/GitHub/synthetic_networks/scripts/100_ERGM_ModelSelection_fromRmd.R,C:/Users/User/Documents/GitHub/synthetic_networks/scripts/70_ERGMTry2_legacy_fromRmd.R
C:/Users/User/Documents/GitHub/synthetic_networks/scripts/100_ERGM_ModelSelection_fromRmd.R,C:/Users/User/Documents/GitHub/synthetic_networks/Visualizing/TableAndCalculations.R
C:/Users/User/Documents/GitHub/synthetic_networks/scripts/10_basegraph_analysis_function_fromRmd.R,C:/Users/User/Documents/GitHub/synthetic_networks/ERGM/ERGM_Analysis/ergm_gof_table.R
C:/Users/User/Documents/GitHub/synthetic_networks/scripts/10_basegraph_analysis_function_fromRmd.R,C:/Users/User/Documents/GitHub/synthetic_networks/ERGM/fullnetwork_tries/bigmodel_working.R
C:/Users/User/Documents/GitHub/synthetic_networks/scripts/10_basegraph_analysis_function_fromRmd.R,C:/Users/User/Documents/GitHub/synthetic_networks/ERGM/fullnetwork_tries/ergm_bigmodel_fails.R
C:/Users/User/Documents/GitHub/synthetic_networks/scripts/10_basegraph_analysis_function_fromRmd.R,C:/Users/User/Documents/GitHub/synthetic_networks/Other Analysis/raw_graph_analysis.R
C:/Users/User/Documents/GitHub/synthetic_networks/scripts/10_basegraph_analysis_function_fromRmd.R,C:/Users/User/Documents/GitHub/synthetic_networks/scripts/100_ERGM_ModelSelection_fromRmd.R
C:/Users/User/Documents/GitHub/synthetic_networks/scripts/10_basegraph_analysis_function_fromRmd.R,C:/Users/User/Documents/GitHub/synthetic_networks/scripts/110_graph_descriptive_analysis_fromRmd.R
C:/Users/User/Documents/GitHub/synthetic_networks/scripts/10_basegraph_analysis_function_fromRmd.R,C:/Users/User/Documents/GitHub/synthetic_networks/scripts/120_init_LoanNetwork_fromRmd.R
C:/Users/User/Documents/GitHub/synthetic_networks/scripts/10_basegraph_analysis_function_fromRmd.R,C:/Users/User/Documents/GitHub/synthetic_networks/scripts/60_ERGMTry1_legacy_fromRmd.R
C:/Users/User/Documents/GitHub/synthetic_networks/scripts/10_basegraph_analysis_function_fromRmd.R,C:/Users/User/Documents/GitHub/synthetic_networks/scripts/70_ERGMTry2_legacy_fromRmd.R
C:/Users/User/Documents/GitHub/synthetic_networks/scripts/10_basegraph_analysis_function_fromRmd.R,C:/Users/User/Documents/GitHub/synthetic_networks/scripts/80_LoanImpl1_fromRmd.R
C:/Users/User/Documents/GitHub/synthetic_networks/scripts/10_basegraph_analysis_function_fromRmd.R,C:/Users/User/Documents/GitHub/synthetic_networks/Visualizing/visualizing_GSIBW2.R
C:/Users/User/Documents/GitHub/synthetic_networks/scripts/10_basegraph_analysis_function_fromRmd.R,C:/Users/User/Documents/GitHub/synthetic_networks/Visualizing/visualizing_LCC.R
C:/Users/User/Documents/GitHub/synthetic_networks/scripts/110_graph_descriptive_analysis_fromRmd.R,C:/Users/User/Documents/GitHub/synthetic_networks/BaselineGraphs/baseline_analyis_full_tables.R
C:/Users/User/Documents/GitHub/synthetic_networks/scripts/110_graph_descriptive_analysis_fromRmd.R,C:/Users/User/Documents/GitHub/synthetic_networks/ERGM/ERGM_Analysis/ergm_centrality_insights.R
C:/Users/User/Documents/GitHub/synthetic_networks/scripts/110_graph_descriptive_analysis_fromRmd.R,C:/Users/User/Documents/GitHub/synthetic_networks/ERGM/ERGM_Analysis/ergm_gof_plots.R
C:/Users/User/Documents/GitHub/synthetic_networks/scripts/110_graph_descriptive_analysis_fromRmd.R,C:/Users/User/Documents/GitHub/synthetic_networks/ERGM/ERGM_Analysis/ergm_gof_table.R
C:/Users/User/Documents/GitHub/synthetic_networks/scripts/110_graph_descriptive_analysis_fromRmd.R,C:/Users/User/Documents/GitHub/synthetic_networks/ERGM/ERGM_Analysis/ergm_simulation_insights.R
C:/Users/User/Documents/GitHub/synthetic_networks/scripts/110_graph_descriptive_analysis_fromRmd.R,C:/Users/User/Documents/GitHub/synthetic_networks/ERGM/fullnetwork_tries/ergm_bigmodel_fails.R
C:/Users/User/Documents/GitHub/synthetic_networks/scripts/110_graph_descriptive_analysis_fromRmd.R,C:/Users/User/Documents/GitHub/synthetic_networks/ERGM/smallnetwork/small_network_.R
C:/Users/User/Documents/GitHub/synthetic_networks/scripts/110_graph_descriptive_analysis_fromRmd.R,C:/Users/User/Documents/GitHub/synthetic_networks/ERGM/smallnetwork/small_network_analysis.R
C:/Users/User/Documents/GitHub/synthetic_networks/scripts/110_graph_descriptive_analysis_fromRmd.R,C:/Users/User/Documents/GitHub/synthetic_networks/ERGM/smallnetwork/small_network_analysis_s.R
C:/Users/User/Documents/GitHub/synthetic_networks/scripts/110_graph_descriptive_analysis_fromRmd.R,C:/Users/User/Documents/GitHub/synthetic_networks/Other Analysis/baseline_extra_metrics.R
C:/Users/User/Documents/GitHub/synthetic_networks/scripts/110_graph_descriptive_analysis_fromRmd.R,C:/Users/User/Documents/GitHub/synthetic_networks/Other Analysis/gsib_further_analysis.R
C:/Users/User/Documents/GitHub/synthetic_networks/scripts/110_graph_descriptive_analysis_fromRmd.R,C:/Users/User/Documents/GitHub/synthetic_networks/scripts/20_init_basline_samplegraphs_fromRmd.R
C:/Users/User/Documents/GitHub/synthetic_networks/scripts/110_graph_descriptive_analysis_fromRmd.R,C:/Users/User/Documents/GitHub/synthetic_networks/scripts/30_ERGM_Result1_fromRmd.R
C:/Users/User/Documents/GitHub/synthetic_networks/scripts/110_graph_descriptive_analysis_fromRmd.R,C:/Users/User/Documents/GitHub/synthetic_networks/scripts/40_ERGM_Result2_fromRmd.R
C:/Users/User/Documents/GitHub/synthetic_networks/scripts/110_graph_descriptive_analysis_fromRmd.R,C:/Users/User/Documents/GitHub/synthetic_networks/scripts/50_ERGM_Result3_inverted_fromRmd.R
C:/Users/User/Documents/GitHub/synthetic_networks/scripts/110_graph_descriptive_analysis_fromRmd.R,C:/Users/User/Documents/GitHub/synthetic_networks/scripts/60_ERGMTry1_legacy_fromRmd.R
C:/Users/User/Documents/GitHub/synthetic_networks/scripts/110_graph_descriptive_analysis_fromRmd.R,C:/Users/User/Documents/GitHub/synthetic_networks/Visualizing/TableAndCalculations.R
C:/Users/User/Documents/GitHub/synthetic_networks/scripts/110_graph_descriptive_analysis_fromRmd.R,C:/Users/User/Documents/GitHub/synthetic_networks/Visualizing/visualizing_GSIBW2.R
C:/Users/User/Documents/GitHub/synthetic_networks/scripts/110_graph_descriptive_analysis_fromRmd.R,C:/Users/User/Documents/GitHub/synthetic_networks/Visualizing/visualizing_LCC.R
C:/Users/User/Documents/GitHub/synthetic_networks/scripts/120_init_LoanNetwork_fromRmd.R,C:/Users/User/Documents/GitHub/synthetic_networks/BaselineGraphs/baseline_analyis_full_tables.R
C:/Users/User/Documents/GitHub/synthetic_networks/scripts/120_init_LoanNetwork_fromRmd.R,C:/Users/User/Documents/GitHub/synthetic_networks/ERGM/ERGM_Analysis/ergm_centrality_insights.R
C:/Users/User/Documents/GitHub/synthetic_networks/scripts/120_init_LoanNetwork_fromRmd.R,C:/Users/User/Documents/GitHub/synthetic_networks/ERGM/ERGM_Analysis/ergm_gof_plots.R
C:/Users/User/Documents/GitHub/synthetic_networks/scripts/120_init_LoanNetwork_fromRmd.R,C:/Users/User/Documents/GitHub/synthetic_networks/ERGM/ERGM_Analysis/ergm_gof_table.R
C:/Users/User/Documents/GitHub/synthetic_networks/scripts/120_init_LoanNetwork_fromRmd.R,C:/Users/User/Documents/GitHub/synthetic_networks/ERGM/ERGM_Analysis/ergm_simulation_insights.R
C:/Users/User/Documents/GitHub/synthetic_networks/scripts/120_init_LoanNetwork_fromRmd.R,C:/Users/User/Documents/GitHub/synthetic_networks/ERGM/ERGM_Analysis/ergm_vs_baselines.R
C:/Users/User/Documents/GitHub/synthetic_networks/scripts/120_init_LoanNetwork_fromRmd.R,C:/Users/User/Documents/GitHub/synthetic_networks/ERGM/fullnetwork_tries/bigmodel_working.R
C:/Users/User/Documents/GitHub/synthetic_networks/scripts/120_init_LoanNetwork_fromRmd.R,C:/Users/User/Documents/GitHub/synthetic_networks/ERGM/fullnetwork_tries/ergm_bigmodel_fails.R
C:/Users/User/Documents/GitHub/synthetic_networks/scripts/120_init_LoanNetwork_fromRmd.R,C:/Users/User/Documents/GitHub/synthetic_networks/ERGM/smallnetwork/small_network_.R
C:/Users/User/Documents/GitHub/synthetic_networks/scripts/120_init_LoanNetwork_fromRmd.R,C:/Users/User/Documents/GitHub/synthetic_networks/ERGM/smallnetwork/small_network_analysis.R
C:/Users/User/Documents/GitHub/synthetic_networks/scripts/120_init_LoanNetwork_fromRmd.R,C:/Users/User/Documents/GitHub/synthetic_networks/ERGM/smallnetwork/small_network_analysis_s.R
C:/Users/User/Documents/GitHub/synthetic_networks/scripts/120_init_LoanNetwork_fromRmd.R,C:/Users/User/Documents/GitHub/synthetic_networks/Other Analysis/baseline_extra_metrics.R
C:/Users/User/Documents/GitHub/synthetic_networks/scripts/120_init_LoanNetwork_fromRmd.R,C:/Users/User/Documents/GitHub/synthetic_networks/Other Analysis/full_heavy_tail_analysis.R
C:/Users/User/Documents/GitHub/synthetic_networks/scripts/120_init_LoanNetwork_fromRmd.R,C:/Users/User/Documents/GitHub/synthetic_networks/Other Analysis/gsib_further_analysis.R
C:/Users/User/Documents/GitHub/synthetic_networks/scripts/120_init_LoanNetwork_fromRmd.R,C:/Users/User/Documents/GitHub/synthetic_networks/Other Analysis/lcc_centralities_table.R
C:/Users/User/Documents/GitHub/synthetic_networks/scripts/120_init_LoanNetwork_fromRmd.R,C:/Users/User/Documents/GitHub/synthetic_networks/Other Analysis/raw_graph_analysis.R
C:/Users/User/Documents/GitHub/synthetic_networks/scripts/120_init_LoanNetwork_fromRmd.R,C:/Users/User/Documents/GitHub/synthetic_networks/scripts/100_ERGM_ModelSelection_fromRmd.R
C:/Users/User/Documents/GitHub/synthetic_networks/scripts/120_init_LoanNetwork_fromRmd.R,C:/Users/User/Documents/GitHub/synthetic_networks/scripts/10_basegraph_analysis_function_fromRmd.R
C:/Users/User/Documents/GitHub/synthetic_networks/scripts/120_init_LoanNetwork_fromRmd.R,C:/Users/User/Documents/GitHub/synthetic_networks/scripts/110_graph_descriptive_analysis_fromRmd.R
C:/Users/User/Documents/GitHub/synthetic_networks/scripts/120_init_LoanNetwork_fromRmd.R,C:/Users/User/Documents/GitHub/synthetic_networks/scripts/20_init_basline_samplegraphs_fromRmd.R
C:/Users/User/Documents/GitHub/synthetic_networks/scripts/120_init_LoanNetwork_fromRmd.R,C:/Users/User/Documents/GitHub/synthetic_networks/scripts/30_ERGM_Result1_fromRmd.R
C:/Users/User/Documents/GitHub/synthetic_networks/scripts/120_init_LoanNetwork_fromRmd.R,C:/Users/User/Documents/GitHub/synthetic_networks/scripts/40_ERGM_Result2_fromRmd.R
C:/Users/User/Documents/GitHub/synthetic_networks/scripts/120_init_LoanNetwork_fromRmd.R,C:/Users/User/Documents/GitHub/synthetic_networks/scripts/50_ERGM_Result3_inverted_fromRmd.R
C:/Users/User/Documents/GitHub/synthetic_networks/scripts/120_init_LoanNetwork_fromRmd.R,C:/Users/User/Documents/GitHub/synthetic_networks/scripts/60_ERGMTry1_legacy_fromRmd.R
C:/Users/User/Documents/GitHub/synthetic_networks/scripts/120_init_LoanNetwork_fromRmd.R,C:/Users/User/Documents/GitHub/synthetic_networks/scripts/70_ERGMTry2_legacy_fromRmd.R
C:/Users/User/Documents/GitHub/synthetic_networks/scripts/120_init_LoanNetwork_fromRmd.R,C:/Users/User/Documents/GitHub/synthetic_networks/scripts/80_LoanImpl1_fromRmd.R
C:/Users/User/Documents/GitHub/synthetic_networks/scripts/120_init_LoanNetwork_fromRmd.R,C:/Users/User/Documents/GitHub/synthetic_networks/scripts/90_random code_legacy_fromRmd.R
C:/Users/User/Documents/GitHub/synthetic_networks/scripts/120_init_LoanNetwork_fromRmd.R,C:/Users/User/Documents/GitHub/synthetic_networks/Visualizing/TableAndCalculations.R
C:/Users/User/Documents/GitHub/synthetic_networks/scripts/120_init_LoanNetwork_fromRmd.R,C:/Users/User/Documents/GitHub/synthetic_networks/Visualizing/visualizing_GSIBW2.R
C:/Users/User/Documents/GitHub/synthetic_networks/scripts/120_init_LoanNetwork_fromRmd.R,C:/Users/User/Documents/GitHub/synthetic_networks/Visualizing/visualizing_LCC.R
C:/Users/User/Documents/GitHub/synthetic_networks/scripts/120_init_LoanNetwork_fromRmd.R,C:/Users/User/Documents/GitHub/synthetic_networks/Visualizing/visualizing_NetworkwithVIS.R
C:/Users/User/Documents/GitHub/synthetic_networks/scripts/120_init_LoanNetwork_fromRmd.R,C:/Users/User/Documents/GitHub/synthetic_networks/Visualizing/visualizing_NetworkwithVIS_layouts.R
C:/Users/User/Documents/GitHub/synthetic_networks/scripts/20_init_basline_samplegraphs_fromRmd.R,C:/Users/User/Documents/GitHub/synthetic_networks/BaselineGraphs/baseline_analyis_full_tables.R
C:/Users/User/Documents/GitHub/synthetic_networks/scripts/20_init_basline_samplegraphs_fromRmd.R,C:/Users/User/Documents/GitHub/synthetic_networks/ERGM/ERGM_Analysis/ergm_centrality_insights.R
C:/Users/User/Documents/GitHub/synthetic_networks/scripts/20_init_basline_samplegraphs_fromRmd.R,C:/Users/User/Documents/GitHub/synthetic_networks/ERGM/ERGM_Analysis/ergm_gof_table.R
C:/Users/User/Documents/GitHub/synthetic_networks/scripts/20_init_basline_samplegraphs_fromRmd.R,C:/Users/User/Documents/GitHub/synthetic_networks/ERGM/ERGM_Analysis/ergm_vs_baselines.R
C:/Users/User/Documents/GitHub/synthetic_networks/scripts/20_init_basline_samplegraphs_fromRmd.R,C:/Users/User/Documents/GitHub/synthetic_networks/Other Analysis/baseline_extra_metrics.R
C:/Users/User/Documents/GitHub/synthetic_networks/scripts/20_init_basline_samplegraphs_fromRmd.R,C:/Users/User/Documents/GitHub/synthetic_networks/Other Analysis/full_heavy_tail_analysis.R
C:/Users/User/Documents/GitHub/synthetic_networks/scripts/20_init_basline_samplegraphs_fromRmd.R,C:/Users/User/Documents/GitHub/synthetic_networks/Other Analysis/lcc_centralities_table.R
C:/Users/User/Documents/GitHub/synthetic_networks/scripts/20_init_basline_samplegraphs_fromRmd.R,C:/Users/User/Documents/GitHub/synthetic_networks/Other Analysis/raw_graph_analysis.R
C:/Users/User/Documents/GitHub/synthetic_networks/scripts/20_init_basline_samplegraphs_fromRmd.R,C:/Users/User/Documents/GitHub/synthetic_networks/scripts/10_basegraph_analysis_function_fromRmd.R
C:/Users/User/Documents/GitHub/synthetic_networks/scripts/20_init_basline_samplegraphs_fromRmd.R,C:/Users/User/Documents/GitHub/synthetic_networks/scripts/110_graph_descriptive_analysis_fromRmd.R
C:/Users/User/Documents/GitHub/synthetic_networks/scripts/20_init_basline_samplegraphs_fromRmd.R,C:/Users/User/Documents/GitHub/synthetic_networks/scripts/40_ERGM_Result2_fromRmd.R
C:/Users/User/Documents/GitHub/synthetic_networks/scripts/20_init_basline_samplegraphs_fromRmd.R,C:/Users/User/Documents/GitHub/synthetic_networks/scripts/50_ERGM_Result3_inverted_fromRmd.R
C:/Users/User/Documents/GitHub/synthetic_networks/scripts/20_init_basline_samplegraphs_fromRmd.R,C:/Users/User/Documents/GitHub/synthetic_networks/scripts/60_ERGMTry1_legacy_fromRmd.R
C:/Users/User/Documents/GitHub/synthetic_networks/scripts/20_init_basline_samplegraphs_fromRmd.R,C:/Users/User/Documents/GitHub/synthetic_networks/scripts/80_LoanImpl1_fromRmd.R
C:/Users/User/Documents/GitHub/synthetic_networks/scripts/20_init_basline_samplegraphs_fromRmd.R,C:/Users/User/Documents/GitHub/synthetic_networks/scripts/90_random code_legacy_fromRmd.R
C:/Users/User/Documents/GitHub/synthetic_networks/scripts/20_init_basline_samplegraphs_fromRmd.R,C:/Users/User/Documents/GitHub/synthetic_networks/Visualizing/visualizing_LCC.R
C:/Users/User/Documents/GitHub/synthetic_networks/scripts/30_ERGM_Result1_fromRmd.R,C:/Users/User/Documents/GitHub/synthetic_networks/BaselineGraphs/baseline_analyis_full_tables.R
C:/Users/User/Documents/GitHub/synthetic_networks/scripts/30_ERGM_Result1_fromRmd.R,C:/Users/User/Documents/GitHub/synthetic_networks/ERGM/ERGM_Analysis/ergm_centrality_insights.R
C:/Users/User/Documents/GitHub/synthetic_networks/scripts/30_ERGM_Result1_fromRmd.R,C:/Users/User/Documents/GitHub/synthetic_networks/ERGM/ERGM_Analysis/ergm_gof_plots.R
C:/Users/User/Documents/GitHub/synthetic_networks/scripts/30_ERGM_Result1_fromRmd.R,C:/Users/User/Documents/GitHub/synthetic_networks/ERGM/ERGM_Analysis/ergm_gof_table.R
C:/Users/User/Documents/GitHub/synthetic_networks/scripts/30_ERGM_Result1_fromRmd.R,C:/Users/User/Documents/GitHub/synthetic_networks/ERGM/ERGM_Analysis/ergm_simulation_insights.R
C:/Users/User/Documents/GitHub/synthetic_networks/scripts/30_ERGM_Result1_fromRmd.R,C:/Users/User/Documents/GitHub/synthetic_networks/ERGM/ERGM_Analysis/ergm_vs_baselines.R
C:/Users/User/Documents/GitHub/synthetic_networks/scripts/30_ERGM_Result1_fromRmd.R,C:/Users/User/Documents/GitHub/synthetic_networks/ERGM/fullnetwork_tries/bigmodel_working.R
C:/Users/User/Documents/GitHub/synthetic_networks/scripts/30_ERGM_Result1_fromRmd.R,C:/Users/User/Documents/GitHub/synthetic_networks/ERGM/fullnetwork_tries/ergm_bigmodel_fails.R
C:/Users/User/Documents/GitHub/synthetic_networks/scripts/30_ERGM_Result1_fromRmd.R,C:/Users/User/Documents/GitHub/synthetic_networks/ERGM/smallnetwork/small_network_.R
C:/Users/User/Documents/GitHub/synthetic_networks/scripts/30_ERGM_Result1_fromRmd.R,C:/Users/User/Documents/GitHub/synthetic_networks/ERGM/smallnetwork/small_network_analysis.R
C:/Users/User/Documents/GitHub/synthetic_networks/scripts/30_ERGM_Result1_fromRmd.R,C:/Users/User/Documents/GitHub/synthetic_networks/ERGM/smallnetwork/small_network_analysis_s.R
C:/Users/User/Documents/GitHub/synthetic_networks/scripts/30_ERGM_Result1_fromRmd.R,C:/Users/User/Documents/GitHub/synthetic_networks/Other Analysis/baseline_extra_metrics.R
C:/Users/User/Documents/GitHub/synthetic_networks/scripts/30_ERGM_Result1_fromRmd.R,C:/Users/User/Documents/GitHub/synthetic_networks/Other Analysis/full_heavy_tail_analysis.R
C:/Users/User/Documents/GitHub/synthetic_networks/scripts/30_ERGM_Result1_fromRmd.R,C:/Users/User/Documents/GitHub/synthetic_networks/Other Analysis/gsib_further_analysis.R
C:/Users/User/Documents/GitHub/synthetic_networks/scripts/30_ERGM_Result1_fromRmd.R,C:/Users/User/Documents/GitHub/synthetic_networks/Other Analysis/lcc_centralities_table.R
C:/Users/User/Documents/GitHub/synthetic_networks/scripts/30_ERGM_Result1_fromRmd.R,C:/Users/User/Documents/GitHub/synthetic_networks/scripts/100_ERGM_ModelSelection_fromRmd.R
C:/Users/User/Documents/GitHub/synthetic_networks/scripts/30_ERGM_Result1_fromRmd.R,C:/Users/User/Documents/GitHub/synthetic_networks/scripts/10_basegraph_analysis_function_fromRmd.R
C:/Users/User/Documents/GitHub/synthetic_networks/scripts/30_ERGM_Result1_fromRmd.R,C:/Users/User/Documents/GitHub/synthetic_networks/scripts/110_graph_descriptive_analysis_fromRmd.R
C:/Users/User/Documents/GitHub/synthetic_networks/scripts/30_ERGM_Result1_fromRmd.R,C:/Users/User/Documents/GitHub/synthetic_networks/scripts/120_init_LoanNetwork_fromRmd.R
C:/Users/User/Documents/GitHub/synthetic_networks/scripts/30_ERGM_Result1_fromRmd.R,C:/Users/User/Documents/GitHub/synthetic_networks/scripts/20_init_basline_samplegraphs_fromRmd.R
C:/Users/User/Documents/GitHub/synthetic_networks/scripts/30_ERGM_Result1_fromRmd.R,C:/Users/User/Documents/GitHub/synthetic_networks/scripts/40_ERGM_Result2_fromRmd.R
C:/Users/User/Documents/GitHub/synthetic_networks/scripts/30_ERGM_Result1_fromRmd.R,C:/Users/User/Documents/GitHub/synthetic_networks/scripts/50_ERGM_Result3_inverted_fromRmd.R
C:/Users/User/Documents/GitHub/synthetic_networks/scripts/30_ERGM_Result1_fromRmd.R,C:/Users/User/Documents/GitHub/synthetic_networks/scripts/60_ERGMTry1_legacy_fromRmd.R
C:/Users/User/Documents/GitHub/synthetic_networks/scripts/30_ERGM_Result1_fromRmd.R,C:/Users/User/Documents/GitHub/synthetic_networks/scripts/70_ERGMTry2_legacy_fromRmd.R
C:/Users/User/Documents/GitHub/synthetic_networks/scripts/30_ERGM_Result1_fromRmd.R,C:/Users/User/Documents/GitHub/synthetic_networks/scripts/80_LoanImpl1_fromRmd.R
C:/Users/User/Documents/GitHub/synthetic_networks/scripts/30_ERGM_Result1_fromRmd.R,C:/Users/User/Documents/GitHub/synthetic_networks/scripts/90_random code_legacy_fromRmd.R
C:/Users/User/Documents/GitHub/synthetic_networks/scripts/30_ERGM_Result1_fromRmd.R,C:/Users/User/Documents/GitHub/synthetic_networks/Visualizing/TableAndCalculations.R
C:/Users/User/Documents/GitHub/synthetic_networks/scripts/30_ERGM_Result1_fromRmd.R,C:/Users/User/Documents/GitHub/synthetic_networks/Visualizing/visualizing_GSIBW2.R
C:/Users/User/Documents/GitHub/synthetic_networks/scripts/30_ERGM_Result1_fromRmd.R,C:/Users/User/Documents/GitHub/synthetic_networks/Visualizing/visualizing_LCC.R
C:/Users/User/Documents/GitHub/synthetic_networks/scripts/40_ERGM_Result2_fromRmd.R,C:/Users/User/Documents/GitHub/synthetic_networks/BaselineGraphs/baseline_analyis_full_tables.R
C:/Users/User/Documents/GitHub/synthetic_networks/scripts/40_ERGM_Result2_fromRmd.R,C:/Users/User/Documents/GitHub/synthetic_networks/ERGM/ERGM_Analysis/ergm_vs_baselines.R
C:/Users/User/Documents/GitHub/synthetic_networks/scripts/40_ERGM_Result2_fromRmd.R,C:/Users/User/Documents/GitHub/synthetic_networks/ERGM/fullnetwork_tries/bigmodel_working.R
C:/Users/User/Documents/GitHub/synthetic_networks/scripts/40_ERGM_Result2_fromRmd.R,C:/Users/User/Documents/GitHub/synthetic_networks/ERGM/smallnetwork/small_network_.R
C:/Users/User/Documents/GitHub/synthetic_networks/scripts/40_ERGM_Result2_fromRmd.R,C:/Users/User/Documents/GitHub/synthetic_networks/Other Analysis/baseline_extra_metrics.R
C:/Users/User/Documents/GitHub/synthetic_networks/scripts/40_ERGM_Result2_fromRmd.R,C:/Users/User/Documents/GitHub/synthetic_networks/Other Analysis/raw_graph_analysis.R
C:/Users/User/Documents/GitHub/synthetic_networks/scripts/40_ERGM_Result2_fromRmd.R,C:/Users/User/Documents/GitHub/synthetic_networks/scripts/10_basegraph_analysis_function_fromRmd.R
C:/Users/User/Documents/GitHub/synthetic_networks/scripts/40_ERGM_Result2_fromRmd.R,C:/Users/User/Documents/GitHub/synthetic_networks/scripts/110_graph_descriptive_analysis_fromRmd.R
C:/Users/User/Documents/GitHub/synthetic_networks/scripts/40_ERGM_Result2_fromRmd.R,C:/Users/User/Documents/GitHub/synthetic_networks/scripts/20_init_basline_samplegraphs_fromRmd.R
C:/Users/User/Documents/GitHub/synthetic_networks/scripts/40_ERGM_Result2_fromRmd.R,C:/Users/User/Documents/GitHub/synthetic_networks/scripts/60_ERGMTry1_legacy_fromRmd.R
C:/Users/User/Documents/GitHub/synthetic_networks/scripts/40_ERGM_Result2_fromRmd.R,C:/Users/User/Documents/GitHub/synthetic_networks/scripts/80_LoanImpl1_fromRmd.R
C:/Users/User/Documents/GitHub/synthetic_networks/scripts/40_ERGM_Result2_fromRmd.R,C:/Users/User/Documents/GitHub/synthetic_networks/scripts/90_random code_legacy_fromRmd.R
C:/Users/User/Documents/GitHub/synthetic_networks/scripts/40_ERGM_Result2_fromRmd.R,C:/Users/User/Documents/GitHub/synthetic_networks/Visualizing/TableAndCalculations.R
C:/Users/User/Documents/GitHub/synthetic_networks/scripts/50_ERGM_Result3_inverted_fromRmd.R,C:/Users/User/Documents/GitHub/synthetic_networks/BaselineGraphs/baseline_analyis_full_tables.R
C:/Users/User/Documents/GitHub/synthetic_networks/scripts/50_ERGM_Result3_inverted_fromRmd.R,C:/Users/User/Documents/GitHub/synthetic_networks/ERGM/ERGM_Analysis/ergm_vs_baselines.R
C:/Users/User/Documents/GitHub/synthetic_networks/scripts/50_ERGM_Result3_inverted_fromRmd.R,C:/Users/User/Documents/GitHub/synthetic_networks/ERGM/fullnetwork_tries/bigmodel_working.R
C:/Users/User/Documents/GitHub/synthetic_networks/scripts/50_ERGM_Result3_inverted_fromRmd.R,C:/Users/User/Documents/GitHub/synthetic_networks/ERGM/smallnetwork/small_network_.R
C:/Users/User/Documents/GitHub/synthetic_networks/scripts/50_ERGM_Result3_inverted_fromRmd.R,C:/Users/User/Documents/GitHub/synthetic_networks/Other Analysis/baseline_extra_metrics.R
C:/Users/User/Documents/GitHub/synthetic_networks/scripts/50_ERGM_Result3_inverted_fromRmd.R,C:/Users/User/Documents/GitHub/synthetic_networks/Other Analysis/raw_graph_analysis.R
C:/Users/User/Documents/GitHub/synthetic_networks/scripts/50_ERGM_Result3_inverted_fromRmd.R,C:/Users/User/Documents/GitHub/synthetic_networks/scripts/10_basegraph_analysis_function_fromRmd.R
C:/Users/User/Documents/GitHub/synthetic_networks/scripts/50_ERGM_Result3_inverted_fromRmd.R,C:/Users/User/Documents/GitHub/synthetic_networks/scripts/110_graph_descriptive_analysis_fromRmd.R
C:/Users/User/Documents/GitHub/synthetic_networks/scripts/50_ERGM_Result3_inverted_fromRmd.R,C:/Users/User/Documents/GitHub/synthetic_networks/scripts/20_init_basline_samplegraphs_fromRmd.R
C:/Users/User/Documents/GitHub/synthetic_networks/scripts/50_ERGM_Result3_inverted_fromRmd.R,C:/Users/User/Documents/GitHub/synthetic_networks/scripts/60_ERGMTry1_legacy_fromRmd.R
C:/Users/User/Documents/GitHub/synthetic_networks/scripts/50_ERGM_Result3_inverted_fromRmd.R,C:/Users/User/Documents/GitHub/synthetic_networks/scripts/80_LoanImpl1_fromRmd.R
C:/Users/User/Documents/GitHub/synthetic_networks/scripts/50_ERGM_Result3_inverted_fromRmd.R,C:/Users/User/Documents/GitHub/synthetic_networks/scripts/90_random code_legacy_fromRmd.R
C:/Users/User/Documents/GitHub/synthetic_networks/scripts/50_ERGM_Result3_inverted_fromRmd.R,C:/Users/User/Documents/GitHub/synthetic_networks/Visualizing/TableAndCalculations.R
C:/Users/User/Documents/GitHub/synthetic_networks/scripts/60_ERGMTry1_legacy_fromRmd.R,C:/Users/User/Documents/GitHub/synthetic_networks/BaselineGraphs/baseline_analyis_full_tables.R
C:/Users/User/Documents/GitHub/synthetic_networks/scripts/60_ERGMTry1_legacy_fromRmd.R,C:/Users/User/Documents/GitHub/synthetic_networks/ERGM/ERGM_Analysis/ergm_centrality_insights.R
C:/Users/User/Documents/GitHub/synthetic_networks/scripts/60_ERGMTry1_legacy_fromRmd.R,C:/Users/User/Documents/GitHub/synthetic_networks/ERGM/ERGM_Analysis/ergm_gof_plots.R
C:/Users/User/Documents/GitHub/synthetic_networks/scripts/60_ERGMTry1_legacy_fromRmd.R,C:/Users/User/Documents/GitHub/synthetic_networks/ERGM/ERGM_Analysis/ergm_gof_table.R
C:/Users/User/Documents/GitHub/synthetic_networks/scripts/60_ERGMTry1_legacy_fromRmd.R,C:/Users/User/Documents/GitHub/synthetic_networks/ERGM/ERGM_Analysis/ergm_simulation_insights.R
C:/Users/User/Documents/GitHub/synthetic_networks/scripts/60_ERGMTry1_legacy_fromRmd.R,C:/Users/User/Documents/GitHub/synthetic_networks/ERGM/ERGM_Analysis/ergm_vs_baselines.R
C:/Users/User/Documents/GitHub/synthetic_networks/scripts/60_ERGMTry1_legacy_fromRmd.R,C:/Users/User/Documents/GitHub/synthetic_networks/ERGM/fullnetwork_tries/ergm_bigmodel_fails.R
C:/Users/User/Documents/GitHub/synthetic_networks/scripts/60_ERGMTry1_legacy_fromRmd.R,C:/Users/User/Documents/GitHub/synthetic_networks/ERGM/smallnetwork/small_network_analysis.R
C:/Users/User/Documents/GitHub/synthetic_networks/scripts/60_ERGMTry1_legacy_fromRmd.R,C:/Users/User/Documents/GitHub/synthetic_networks/ERGM/smallnetwork/small_network_analysis_s.R
C:/Users/User/Documents/GitHub/synthetic_networks/scripts/60_ERGMTry1_legacy_fromRmd.R,C:/Users/User/Documents/GitHub/synthetic_networks/Other Analysis/full_heavy_tail_analysis.R
C:/Users/User/Documents/GitHub/synthetic_networks/scripts/60_ERGMTry1_legacy_fromRmd.R,C:/Users/User/Documents/GitHub/synthetic_networks/Other Analysis/gsib_further_analysis.R
C:/Users/User/Documents/GitHub/synthetic_networks/scripts/60_ERGMTry1_legacy_fromRmd.R,C:/Users/User/Documents/GitHub/synthetic_networks/Other Analysis/lcc_centralities_table.R
C:/Users/User/Documents/GitHub/synthetic_networks/scripts/60_ERGMTry1_legacy_fromRmd.R,C:/Users/User/Documents/GitHub/synthetic_networks/Other Analysis/raw_graph_analysis.R
C:/Users/User/Documents/GitHub/synthetic_networks/scripts/60_ERGMTry1_legacy_fromRmd.R,C:/Users/User/Documents/GitHub/synthetic_networks/scripts/100_ERGM_ModelSelection_fromRmd.R
C:/Users/User/Documents/GitHub/synthetic_networks/scripts/60_ERGMTry1_legacy_fromRmd.R,C:/Users/User/Documents/GitHub/synthetic_networks/scripts/10_basegraph_analysis_function_fromRmd.R
C:/Users/User/Documents/GitHub/synthetic_networks/scripts/60_ERGMTry1_legacy_fromRmd.R,C:/Users/User/Documents/GitHub/synthetic_networks/scripts/110_graph_descriptive_analysis_fromRmd.R
C:/Users/User/Documents/GitHub/synthetic_networks/scripts/60_ERGMTry1_legacy_fromRmd.R,C:/Users/User/Documents/GitHub/synthetic_networks/scripts/20_init_basline_samplegraphs_fromRmd.R
C:/Users/User/Documents/GitHub/synthetic_networks/scripts/60_ERGMTry1_legacy_fromRmd.R,C:/Users/User/Documents/GitHub/synthetic_networks/scripts/30_ERGM_Result1_fromRmd.R
C:/Users/User/Documents/GitHub/synthetic_networks/scripts/60_ERGMTry1_legacy_fromRmd.R,C:/Users/User/Documents/GitHub/synthetic_networks/scripts/40_ERGM_Result2_fromRmd.R
C:/Users/User/Documents/GitHub/synthetic_networks/scripts/60_ERGMTry1_legacy_fromRmd.R,C:/Users/User/Documents/GitHub/synthetic_networks/scripts/50_ERGM_Result3_inverted_fromRmd.R
C:/Users/User/Documents/GitHub/synthetic_networks/scripts/60_ERGMTry1_legacy_fromRmd.R,C:/Users/User/Documents/GitHub/synthetic_networks/scripts/70_ERGMTry2_legacy_fromRmd.R
C:/Users/User/Documents/GitHub/synthetic_networks/scripts/60_ERGMTry1_legacy_fromRmd.R,C:/Users/User/Documents/GitHub/synthetic_networks/scripts/80_LoanImpl1_fromRmd.R
C:/Users/User/Documents/GitHub/synthetic_networks/scripts/60_ERGMTry1_legacy_fromRmd.R,C:/Users/User/Documents/GitHub/synthetic_networks/scripts/90_random code_legacy_fromRmd.R
C:/Users/User/Documents/GitHub/synthetic_networks/scripts/60_ERGMTry1_legacy_fromRmd.R,C:/Users/User/Documents/GitHub/synthetic_networks/Visualizing/TableAndCalculations.R
C:/Users/User/Documents/GitHub/synthetic_networks/scripts/60_ERGMTry1_legacy_fromRmd.R,C:/Users/User/Documents/GitHub/synthetic_networks/Visualizing/visualizing_LCC.R
C:/Users/User/Documents/GitHub/synthetic_networks/scripts/70_ERGMTry2_legacy_fromRmd.R,C:/Users/User/Documents/GitHub/synthetic_networks/BaselineGraphs/baseline_analyis_full_tables.R
C:/Users/User/Documents/GitHub/synthetic_networks/scripts/70_ERGMTry2_legacy_fromRmd.R,C:/Users/User/Documents/GitHub/synthetic_networks/ERGM/ERGM_Analysis/ergm_centrality_insights.R
C:/Users/User/Documents/GitHub/synthetic_networks/scripts/70_ERGMTry2_legacy_fromRmd.R,C:/Users/User/Documents/GitHub/synthetic_networks/ERGM/ERGM_Analysis/ergm_gof_plots.R
C:/Users/User/Documents/GitHub/synthetic_networks/scripts/70_ERGMTry2_legacy_fromRmd.R,C:/Users/User/Documents/GitHub/synthetic_networks/ERGM/ERGM_Analysis/ergm_gof_table.R
C:/Users/User/Documents/GitHub/synthetic_networks/scripts/70_ERGMTry2_legacy_fromRmd.R,C:/Users/User/Documents/GitHub/synthetic_networks/ERGM/ERGM_Analysis/ergm_simulation_insights.R
C:/Users/User/Documents/GitHub/synthetic_networks/scripts/70_ERGMTry2_legacy_fromRmd.R,C:/Users/User/Documents/GitHub/synthetic_networks/ERGM/ERGM_Analysis/ergm_vs_baselines.R
C:/Users/User/Documents/GitHub/synthetic_networks/scripts/70_ERGMTry2_legacy_fromRmd.R,C:/Users/User/Documents/GitHub/synthetic_networks/ERGM/fullnetwork_tries/ergm_bigmodel_fails.R
C:/Users/User/Documents/GitHub/synthetic_networks/scripts/70_ERGMTry2_legacy_fromRmd.R,C:/Users/User/Documents/GitHub/synthetic_networks/ERGM/smallnetwork/small_network_analysis.R
C:/Users/User/Documents/GitHub/synthetic_networks/scripts/70_ERGMTry2_legacy_fromRmd.R,C:/Users/User/Documents/GitHub/synthetic_networks/ERGM/smallnetwork/small_network_analysis_s.R
C:/Users/User/Documents/GitHub/synthetic_networks/scripts/70_ERGMTry2_legacy_fromRmd.R,C:/Users/User/Documents/GitHub/synthetic_networks/Other Analysis/gsib_further_analysis.R
C:/Users/User/Documents/GitHub/synthetic_networks/scripts/70_ERGMTry2_legacy_fromRmd.R,C:/Users/User/Documents/GitHub/synthetic_networks/Other Analysis/lcc_centralities_table.R
C:/Users/User/Documents/GitHub/synthetic_networks/scripts/70_ERGMTry2_legacy_fromRmd.R,C:/Users/User/Documents/GitHub/synthetic_networks/Other Analysis/raw_graph_analysis.R
C:/Users/User/Documents/GitHub/synthetic_networks/scripts/70_ERGMTry2_legacy_fromRmd.R,C:/Users/User/Documents/GitHub/synthetic_networks/scripts/100_ERGM_ModelSelection_fromRmd.R
C:/Users/User/Documents/GitHub/synthetic_networks/scripts/70_ERGMTry2_legacy_fromRmd.R,C:/Users/User/Documents/GitHub/synthetic_networks/scripts/10_basegraph_analysis_function_fromRmd.R
C:/Users/User/Documents/GitHub/synthetic_networks/scripts/70_ERGMTry2_legacy_fromRmd.R,C:/Users/User/Documents/GitHub/synthetic_networks/scripts/110_graph_descriptive_analysis_fromRmd.R
C:/Users/User/Documents/GitHub/synthetic_networks/scripts/70_ERGMTry2_legacy_fromRmd.R,C:/Users/User/Documents/GitHub/synthetic_networks/scripts/20_init_basline_samplegraphs_fromRmd.R
C:/Users/User/Documents/GitHub/synthetic_networks/scripts/70_ERGMTry2_legacy_fromRmd.R,C:/Users/User/Documents/GitHub/synthetic_networks/scripts/30_ERGM_Result1_fromRmd.R
C:/Users/User/Documents/GitHub/synthetic_networks/scripts/70_ERGMTry2_legacy_fromRmd.R,C:/Users/User/Documents/GitHub/synthetic_networks/scripts/40_ERGM_Result2_fromRmd.R
C:/Users/User/Documents/GitHub/synthetic_networks/scripts/70_ERGMTry2_legacy_fromRmd.R,C:/Users/User/Documents/GitHub/synthetic_networks/scripts/50_ERGM_Result3_inverted_fromRmd.R
C:/Users/User/Documents/GitHub/synthetic_networks/scripts/70_ERGMTry2_legacy_fromRmd.R,C:/Users/User/Documents/GitHub/synthetic_networks/scripts/90_random code_legacy_fromRmd.R
C:/Users/User/Documents/GitHub/synthetic_networks/scripts/70_ERGMTry2_legacy_fromRmd.R,C:/Users/User/Documents/GitHub/synthetic_networks/Visualizing/TableAndCalculations.R
C:/Users/User/Documents/GitHub/synthetic_networks/scripts/70_ERGMTry2_legacy_fromRmd.R,C:/Users/User/Documents/GitHub/synthetic_networks/Visualizing/visualizing_LCC.R
C:/Users/User/Documents/GitHub/synthetic_networks/scripts/80_LoanImpl1_fromRmd.R,C:/Users/User/Documents/GitHub/synthetic_networks/BaselineGraphs/baseline_analyis_full_tables.R
C:/Users/User/Documents/GitHub/synthetic_networks/scripts/80_LoanImpl1_fromRmd.R,C:/Users/User/Documents/GitHub/synthetic_networks/ERGM/ERGM_Analysis/ergm_centrality_insights.R
C:/Users/User/Documents/GitHub/synthetic_networks/scripts/80_LoanImpl1_fromRmd.R,C:/Users/User/Documents/GitHub/synthetic_networks/ERGM/ERGM_Analysis/ergm_gof_plots.R
C:/Users/User/Documents/GitHub/synthetic_networks/scripts/80_LoanImpl1_fromRmd.R,C:/Users/User/Documents/GitHub/synthetic_networks/ERGM/ERGM_Analysis/ergm_gof_table.R
C:/Users/User/Documents/GitHub/synthetic_networks/scripts/80_LoanImpl1_fromRmd.R,C:/Users/User/Documents/GitHub/synthetic_networks/ERGM/ERGM_Analysis/ergm_simulation_insights.R
C:/Users/User/Documents/GitHub/synthetic_networks/scripts/80_LoanImpl1_fromRmd.R,C:/Users/User/Documents/GitHub/synthetic_networks/ERGM/ERGM_Analysis/ergm_vs_baselines.R
C:/Users/User/Documents/GitHub/synthetic_networks/scripts/80_LoanImpl1_fromRmd.R,C:/Users/User/Documents/GitHub/synthetic_networks/ERGM/fullnetwork_tries/ergm_bigmodel_fails.R
C:/Users/User/Documents/GitHub/synthetic_networks/scripts/80_LoanImpl1_fromRmd.R,C:/Users/User/Documents/GitHub/synthetic_networks/ERGM/smallnetwork/small_network_analysis.R
C:/Users/User/Documents/GitHub/synthetic_networks/scripts/80_LoanImpl1_fromRmd.R,C:/Users/User/Documents/GitHub/synthetic_networks/ERGM/smallnetwork/small_network_analysis_s.R
C:/Users/User/Documents/GitHub/synthetic_networks/scripts/80_LoanImpl1_fromRmd.R,C:/Users/User/Documents/GitHub/synthetic_networks/Other Analysis/baseline_extra_metrics.R
C:/Users/User/Documents/GitHub/synthetic_networks/scripts/80_LoanImpl1_fromRmd.R,C:/Users/User/Documents/GitHub/synthetic_networks/Other Analysis/full_heavy_tail_analysis.R
C:/Users/User/Documents/GitHub/synthetic_networks/scripts/80_LoanImpl1_fromRmd.R,C:/Users/User/Documents/GitHub/synthetic_networks/Other Analysis/gsib_further_analysis.R
C:/Users/User/Documents/GitHub/synthetic_networks/scripts/80_LoanImpl1_fromRmd.R,C:/Users/User/Documents/GitHub/synthetic_networks/Other Analysis/lcc_centralities_table.R
C:/Users/User/Documents/GitHub/synthetic_networks/scripts/80_LoanImpl1_fromRmd.R,C:/Users/User/Documents/GitHub/synthetic_networks/Other Analysis/raw_graph_analysis.R
C:/Users/User/Documents/GitHub/synthetic_networks/scripts/80_LoanImpl1_fromRmd.R,C:/Users/User/Documents/GitHub/synthetic_networks/scripts/100_ERGM_ModelSelection_fromRmd.R
C:/Users/User/Documents/GitHub/synthetic_networks/scripts/80_LoanImpl1_fromRmd.R,C:/Users/User/Documents/GitHub/synthetic_networks/scripts/10_basegraph_analysis_function_fromRmd.R
C:/Users/User/Documents/GitHub/synthetic_networks/scripts/80_LoanImpl1_fromRmd.R,C:/Users/User/Documents/GitHub/synthetic_networks/scripts/110_graph_descriptive_analysis_fromRmd.R
C:/Users/User/Documents/GitHub/synthetic_networks/scripts/80_LoanImpl1_fromRmd.R,C:/Users/User/Documents/GitHub/synthetic_networks/scripts/20_init_basline_samplegraphs_fromRmd.R
C:/Users/User/Documents/GitHub/synthetic_networks/scripts/80_LoanImpl1_fromRmd.R,C:/Users/User/Documents/GitHub/synthetic_networks/scripts/30_ERGM_Result1_fromRmd.R
C:/Users/User/Documents/GitHub/synthetic_networks/scripts/80_LoanImpl1_fromRmd.R,C:/Users/User/Documents/GitHub/synthetic_networks/scripts/40_ERGM_Result2_fromRmd.R
C:/Users/User/Documents/GitHub/synthetic_networks/scripts/80_LoanImpl1_fromRmd.R,C:/Users/User/Documents/GitHub/synthetic_networks/scripts/50_ERGM_Result3_inverted_fromRmd.R
C:/Users/User/Documents/GitHub/synthetic_networks/scripts/80_LoanImpl1_fromRmd.R,C:/Users/User/Documents/GitHub/synthetic_networks/scripts/60_ERGMTry1_legacy_fromRmd.R
C:/Users/User/Documents/GitHub/synthetic_networks/scripts/80_LoanImpl1_fromRmd.R,C:/Users/User/Documents/GitHub/synthetic_networks/scripts/70_ERGMTry2_legacy_fromRmd.R
C:/Users/User/Documents/GitHub/synthetic_networks/scripts/80_LoanImpl1_fromRmd.R,C:/Users/User/Documents/GitHub/synthetic_networks/scripts/90_random code_legacy_fromRmd.R
C:/Users/User/Documents/GitHub/synthetic_networks/scripts/80_LoanImpl1_fromRmd.R,C:/Users/User/Documents/GitHub/synthetic_networks/Visualizing/TableAndCalculations.R
C:/Users/User/Documents/GitHub/synthetic_networks/scripts/80_LoanImpl1_fromRmd.R,C:/Users/User/Documents/GitHub/synthetic_networks/Visualizing/visualizing_LCC.R
C:/Users/User/Documents/GitHub/synthetic_networks/scripts/80_LoanImpl1_fromRmd.R,C:/Users/User/Documents/GitHub/synthetic_networks/Visualizing/visualizing_NetworkwithVIS.R
C:/Users/User/Documents/GitHub/synthetic_networks/scripts/80_LoanImpl1_fromRmd.R,C:/Users/User/Documents/GitHub/synthetic_networks/Visualizing/visualizing_NetworkwithVIS_layouts.R
C:/Users/User/Documents/GitHub/synthetic_networks/scripts/90_random code_legacy_fromRmd.R,C:/Users/User/Documents/GitHub/synthetic_networks/scripts/110_graph_descriptive_analysis_fromRmd.R
C:/Users/User/Documents/GitHub/synthetic_networks/scripts/90_random code_legacy_fromRmd.R,C:/Users/User/Documents/GitHub/synthetic_networks/scripts/60_ERGMTry1_legacy_fromRmd.R
C:/Users/User/Documents/GitHub/synthetic_networks/scripts/90_random code_legacy_fromRmd.R,C:/Users/User/Documents/GitHub/synthetic_networks/scripts/70_ERGMTry2_legacy_fromRmd.R
C:/Users/User/Documents/GitHub/synthetic_networks/Visualizing/TableAndCalculations.R,C:/Users/User/Documents/GitHub/synthetic_networks/BaselineGraphs/baseline_analyis_full_tables.R
C:/Users/User/Documents/GitHub/synthetic_networks/Visualizing/TableAndCalculations.R,C:/Users/User/Documents/GitHub/synthetic_networks/Other Analysis/raw_graph_analysis.R
C:/Users/User/Documents/GitHub/synthetic_networks/Visualizing/TableAndCalculations.R,C:/Users/User/Documents/GitHub/synthetic_networks/scripts/10_basegraph_analysis_function_fromRmd.R
C:/Users/User/Documents/GitHub/synthetic_networks/Visualizing/TableAndCalculations.R,C:/Users/User/Documents/GitHub/synthetic_networks/Visualizing/visualizing_GSIBW2.R
C:/Users/User/Documents/GitHub/synthetic_networks/Visualizing/TableAndCalculations.R,C:/Users/User/Documents/GitHub/synthetic_networks/Visualizing/visualizing_LCC.R
C:/Users/User/Documents/GitHub/synthetic_networks/Visualizing/visualizing_GSIBW2.R,C:/Users/User/Documents/GitHub/synthetic_networks/Other Analysis/raw_graph_analysis.R
C:/Users/User/Documents/GitHub/synthetic_networks/Visualizing/visualizing_GSIBW2.R,C:/Users/User/Documents/GitHub/synthetic_networks/Visualizing/visualizing_LCC.R
C:/Users/User/Documents/GitHub/synthetic_networks/Visualizing/visualizing_GSIBW2.R,C:/Users/User/Documents/GitHub/synthetic_networks/Visualizing/visualizing_NetworkwithVIS_layouts.R
C:/Users/User/Documents/GitHub/synthetic_networks/Visualizing/visualizing_LCC.R,C:/Users/User/Documents/GitHub/synthetic_networks/ERGM/ERGM_Analysis/ergm_centrality_insights.R
C:/Users/User/Documents/GitHub/synthetic_networks/Visualizing/visualizing_LCC.R,C:/Users/User/Documents/GitHub/synthetic_networks/ERGM/ERGM_Analysis/ergm_gof_plots.R
C:/Users/User/Documents/GitHub/synthetic_networks/Visualizing/visualizing_LCC.R,C:/Users/User/Documents/GitHub/synthetic_networks/ERGM/ERGM_Analysis/ergm_gof_table.R
C:/Users/User/Documents/GitHub/synthetic_networks/Visualizing/visualizing_LCC.R,C:/Users/User/Documents/GitHub/synthetic_networks/ERGM/ERGM_Analysis/ergm_simulation_insights.R
C:/Users/User/Documents/GitHub/synthetic_networks/Visualizing/visualizing_LCC.R,C:/Users/User/Documents/GitHub/synthetic_networks/ERGM/ERGM_Analysis/ergm_vs_baselines.R
C:/Users/User/Documents/GitHub/synthetic_networks/Visualizing/visualizing_LCC.R,C:/Users/User/Documents/GitHub/synthetic_networks/ERGM/fullnetwork_tries/ergm_bigmodel_fails.R
C:/Users/User/Documents/GitHub/synthetic_networks/Visualizing/visualizing_LCC.R,C:/Users/User/Documents/GitHub/synthetic_networks/Other Analysis/lcc_centralities_table.R
C:/Users/User/Documents/GitHub/synthetic_networks/Visualizing/visualizing_LCC.R,C:/Users/User/Documents/GitHub/synthetic_networks/Other Analysis/raw_graph_analysis.R
C:/Users/User/Documents/GitHub/synthetic_networks/Visualizing/visualizing_LCC.R,C:/Users/User/Documents/GitHub/synthetic_networks/scripts/10_basegraph_analysis_function_fromRmd.R
C:/Users/User/Documents/GitHub/synthetic_networks/Visualizing/visualizing_LCC.R,C:/Users/User/Documents/GitHub/synthetic_networks/scripts/20_init_basline_samplegraphs_fromRmd.R
C:/Users/User/Documents/GitHub/synthetic_networks/Visualizing/visualizing_NetworkwithVIS.R,C:/Users/User/Documents/GitHub/synthetic_networks/Other Analysis/raw_graph_analysis.R
C:/Users/User/Documents/GitHub/synthetic_networks/Visualizing/visualizing_NetworkwithVIS.R,C:/Users/User/Documents/GitHub/synthetic_networks/scripts/90_random code_legacy_fromRmd.R
C:/Users/User/Documents/GitHub/synthetic_networks/Visualizing/visualizing_NetworkwithVIS.R,C:/Users/User/Documents/GitHub/synthetic_networks/Visualizing/visualizing_GSIBW2.R
C:/Users/User/Documents/GitHub/synthetic_networks/Visualizing/visualizing_NetworkwithVIS.R,C:/Users/User/Documents/GitHub/synthetic_networks/Visualizing/visualizing_LCC.R
C:/Users/User/Documents/GitHub/synthetic_networks/Visualizing/visualizing_NetworkwithVIS.R,C:/Users/User/Documents/GitHub/synthetic_networks/Visualizing/visualizing_NetworkwithVIS_layouts.R
